순번,id,slug,first_episode,pattern_ko,english,examples
1,"770","juseyo","1","~주세요","Give me ~, please.","[{""en"":""Water, please."",""ko"":""물 주세요.""},{""en"":""Please give me the menu."",""ko"":""메뉴판 주세요.""},{""en"":""Please give me the receipt."",""ko"":""영수증 주세요.""}]"
2,"771","mwoyeyo","1","~뭐예요?","What is ~?","[{""en"":""What is this?"",""ko"":""이거 뭐예요?""},{""en"":""What is that?"",""ko"":""저거 뭐예요?""},{""en"":""What is this food?"",""ko"":""이 음식 뭐예요?""}]"
3,"772","isseoyo","1","~있어요?","Is there ~? / Do you have ~?","[{""en"":""Is there Wi-Fi?"",""ko"":""와이파이 있어요?""},{""en"":""Is there a seat?"",""ko"":""자리 있어요?""},{""en"":""Is there a restroom?"",""ko"":""화장실 있어요?""}]"
4,"1383","ieyo-yeyo","1","~이에요/예요","is; am; are","[{""en"":""I'm a student."",""ko"":""저는 학생이에요.""},{""en"":""This is yuja tea."",""ko"":""이건 유자차예요.""},{""en"":""My name is Emma."",""ko"":""제 이름은 에마예요.""}]"
5,"773","eotteoke-gayo","2","~어떻게 가요?","How do I get to ~?","[{""en"":""How do I get to Hongdae?"",""ko"":""홍대 어떻게 가요?""},{""en"":""How do I get to Myeongdong?"",""ko"":""명동 어떻게 가요?""},{""en"":""How do I get to the airport?"",""ko"":""공항 어떻게 가요?""}]"
6,"774","gago-sipeoyo","2","~가고 싶어요","I want to go to ~.","[{""en"":""I want to go to Jeju Island."",""ko"":""제주도 가고 싶어요.""},{""en"":""I want to go to Hongdae!"",""ko"":""홍대 가고 싶어요!""},{""en"":""I want to go to the Han River."",""ko"":""한강 가고 싶어요.""}]"
7,"792","eodiseo-tayo","2","~어디서 타요?","Where do I catch ~?","[{""en"":""Where do I get on Line 2?"",""ko"":""2호선 어디서 타요?""},{""en"":""Where do I get on the bus?"",""ko"":""버스 어디서 타요?""},{""en"":""Where do I get on the airport bus?"",""ko"":""공항버스 어디서 타요?""}]"
8,"1379","euro","2","~으로","by; toward; with","[{""en"":""I go by subway."",""ko"":""지하철로 가요.""},{""en"":""Go to the right."",""ko"":""오른쪽으로 가세요.""},{""en"":""This is made with beans."",""ko"":""이건 콩으로 만들어요.""}]"
9,"793","meokgo-sipeoyo","3","~먹고 싶어요","I want to eat ~.","[{""en"":""I want to eat samgyeopsal!"",""ko"":""삼겹살 먹고 싶어요!""},{""en"":""I want to eat tteokbokki."",""ko"":""떡볶이 먹고 싶어요.""},{""en"":""I want to eat naengmyeon!"",""ko"":""냉면 먹고 싶어요!""}]"
10,"794","mot-meogeoyo","3","~못 먹어요","I can't eat ~.","[{""en"":""I can't eat shellfish."",""ko"":""조개 못 먹어요.""},{""en"":""I can't eat spicy food."",""ko"":""매운 거 못 먹어요.""},{""en"":""I can't eat pork."",""ko"":""돼지고기 못 먹어요.""}]"
11,"1386","hago","3","~하고","and; with","[{""en"":""Tteokbokki and sundae, please."",""ko"":""떡볶이하고 순대 주세요.""},{""en"":""I went with a friend."",""ko"":""친구하고 갔어요.""},{""en"":""Come with me."",""ko"":""저하고 같이 가요.""}]"
12,"776","ro-halkkeyo","4","~로 할게요","I'll have ~.","[{""en"":""I'll go with an Americano."",""ko"":""아메리카노로 할게요.""},{""en"":""I'll go with this one."",""ko"":""이걸로 할게요.""},{""en"":""I'll go with the large size."",""ko"":""큰 사이즈로 할게요.""}]"
13,"795","meogeodo-dwaeyo","4","~먹어도 돼요?","May I eat ~?","[{""en"":""Is it okay to eat here?"",""ko"":""여기서 먹어도 돼요?""},{""en"":""Is it okay to eat this?"",""ko"":""이거 먹어도 돼요?""},{""en"":""Is it okay to eat now?"",""ko"":""지금 먹어도 돼요?""}]"
14,"1374","bakke","4","~밖에","only (nothing but)","[{""en"":""I only have a thousand won."",""ko"":""천 원밖에 없어요.""},{""en"":""Only one person came."",""ko"":""한 명밖에 안 왔어요.""},{""en"":""This is all I can do."",""ko"":""이것밖에 못 해요.""}]"
15,"1388","eolmana-geollyeoyo","4","~얼마나 걸려요?","How long does ~ take?","[{""en"":""How long does it take from here?"",""ko"":""여기서 얼마나 걸려요?""},{""en"":""How long does it take to cook?"",""ko"":""요리하는 데 얼마나 걸려요?""},{""en"":""How long does it take by subway?"",""ko"":""지하철로 얼마나 걸려요?""}]"
16,"777","hae-bon-jeok","5","~해 본 적 있어요?","Have you ever ~?","[{""en"":""Have you ever tried samgyeopsal?"",""ko"":""삼겹살 먹어 본 적 있어요?""},{""en"":""Have you ever been to a noraebang?"",""ko"":""노래방 가 본 적 있어요?""},{""en"":""Have you ever worn a hanbok?"",""ko"":""한복 입어 본 적 있어요?""}]"
17,"778","chucheon-juseyo","5","~추천해 주세요","Please recommend ~.","[{""en"":""Please recommend samgyeopsal!"",""ko"":""삼겹살 추천해 주세요!""},{""en"":""Please recommend a café."",""ko"":""카페 추천해 주세요.""},{""en"":""Please recommend a Korean drama."",""ko"":""한국 드라마 추천해 주세요.""}]"
18,"779","jusil-su-isseoyo","5","~주실 수 있어요?","Could you ~?","[{""en"":""Could you take a photo for me?"",""ko"":""사진 찍어 주실 수 있어요?""},{""en"":""Could you help me?"",""ko"":""도와주실 수 있어요?""},{""en"":""Could you explain a bit more?"",""ko"":""조금 더 설명해 주실 수 있어요?""}]"
19,"1375","buteo-kkaji","5","~부터 ~까지","from ~ to ~","[{""en"":""I work from 9 to 6."",""ko"":""9시부터 6시까지 일해요.""},{""en"":""I'm going from Seoul to Busan."",""ko"":""서울부터 부산까지 가요.""},{""en"":""I watched it from start to finish."",""ko"":""처음부터 끝까지 다 봤어요.""}]"
20,"780","joahaeyo","6","~좋아해요","I like ~.","[{""en"":""I like K-pop!"",""ko"":""케이팝 좋아해요!""},{""en"":""I like Korean food."",""ko"":""한국 음식 좋아해요.""},{""en"":""I really like this song."",""ko"":""이 노래 정말 좋아해요.""}]"
21,"796","bulleodo-dwaeyo","6","~불러도 돼요?","May I sing ~? / May I call you ~?","[{""en"":""May I sing this song?"",""ko"":""이 노래 불러도 돼요?""},{""en"":""May I sing first?"",""ko"":""제가 먼저 불러도 돼요?""},{""en"":""Can I call you 언니 (older sister)?"",""ko"":""언니라고 불러도 돼요?""}]"
22,"797","tto-ogo-sipeoyo","6","또 오고 싶어요","I want to come here again.","[{""en"":""I want to come here again!"",""ko"":""또 오고 싶어요!""},{""en"":""I want to come back to Korea."",""ko"":""한국 또 오고 싶어요.""},{""en"":""I want to come back to this café!"",""ko"":""이 카페 또 오고 싶어요!""}]"
23,"1380","eullaeyo","6","~을래요?","would you like to?","[{""en"":""Would you like to go together?"",""ko"":""같이 갈래요?""},{""en"":""What would you like to drink?"",""ko"":""뭐 마실래요?""},{""en"":""Want to sing a song?"",""ko"":""한 곡 부를래요?""}]"
24,"781","singihaeyo","7","신기해요","That's fascinating.","[{""en"":""Korean culture is really fascinating!"",""ko"":""한국 문화 정말 신기해요!""},{""en"":""I've never seen this food before — it's fascinating."",""ko"":""이 음식 처음 봤는데 신기해요.""},{""en"":""It's fascinating how thorough the recycling is."",""ko"":""분리수거가 이렇게 철저하다니 신기해요.""}]"
25,"782","deo-juseyo","7","~더 주세요","More ~, please.","[{""en"":""Please give me more kimchi!"",""ko"":""김치 더 주세요!""},{""en"":""Please give me more water."",""ko"":""물 더 주세요.""},{""en"":""Please give me more side dishes."",""ko"":""반찬 더 주세요.""}]"
26,"783","kkakka-juseyo","7","~깎아 주세요","Could you lower the price?","[{""en"":""Please give me a small discount!"",""ko"":""조금 깎아 주세요!""},{""en"":""Please knock off just 1,000 won."",""ko"":""천 원만 깎아 주세요.""},{""en"":""Please give me a discount if I buy two."",""ko"":""두 개 사면 깎아 주세요.""}]"
27,"896","boda","7","~보다","than ~","[{""en"":""This one is tastier than that one."",""ko"":""이게 저것보다 맛있어요.""},{""en"":""Korean is harder than English."",""ko"":""한국어가 영어보다 어려워요.""},{""en"":""Today is better than yesterday!"",""ko"":""오늘이 어제보다 좋아요!""}]"
28,"784","sseobwasseoyo","8","~써봤어요?","Have you tried ~?","[{""en"":""Have you tried this serum?"",""ko"":""이 세럼 써봤어요?""},{""en"":""Have you tried this app?"",""ko"":""이 앱 써봤어요?""},{""en"":""Have you tried Korean cosmetics?"",""ko"":""한국 화장품 써봤어요?""}]"
29,"785","eotteon-ge-joayo","8","~어떤 게 좋아요?","Which ~ do you like?","[{""en"":""Which color do you like?"",""ko"":""어떤 색이 좋아요?""},{""en"":""Which style do you like?"",""ko"":""어떤 스타일이 좋아요?""},{""en"":""Which one is tastier?"",""ko"":""어떤 게 더 맛있어요?""}]"
30,"1301","geona","8","-거나","or (with verbs)","[{""en"":""On weekends I watch movies or read books."",""ko"":""주말에는 영화를 보거나 책을 읽어요.""},{""en"":""If you're tired or sick, take a rest."",""ko"":""힘들거나 아프면 쉬세요.""},{""en"":""I take the bus or walk."",""ko"":""버스를 타거나 걸어서 가요.""}]"
31,"786","saenggak-boda","9","생각보다 ~해요","It's more ~ than I expected.","[{""en"":""It's tastier than I expected!"",""ko"":""생각보다 맛있어요!""},{""en"":""It's not as hard as I thought."",""ko"":""생각보다 어렵지 않아요.""},{""en"":""It's faster than I expected!"",""ko"":""생각보다 빨라요!""}]"
32,"787","da-gachi-isseoseo-joayo","9","다 같이 있어서 좋아요","I'm happy we're all together.","[{""en"":""I'm so happy we're all together!"",""ko"":""다 같이 있어서 좋아요!""},{""en"":""I'm happy to be together with my whole family."",""ko"":""가족이랑 다 같이 있어서 좋아요.""},{""en"":""It's great to be together with all my friends!"",""ko"":""친구들이랑 다 같이 있어서 좋아요!""}]"
33,"788","imi-haeyo","9","이미 ~해요","I already ~.","[{""en"":""I already ate."",""ko"":""이미 먹었어요.""},{""en"":""I already knew!"",""ko"":""이미 알고 있었어요!""},{""en"":""I already made a reservation."",""ko"":""이미 예약했어요.""}]"
34,"1384","cheoreom","9","~처럼","like; as if","[{""en"":""You speak like a Korean."",""ko"":""한국 사람처럼 말해요.""},{""en"":""It's pretty like a petal."",""ko"":""꽃잎처럼 예뻐요.""},{""en"":""Let's meet like yesterday."",""ko"":""어제처럼 만나요.""}]"
35,"789","tteollyeoyo","10","떨려요","I'm nervous.","[{""en"":""I'm nervous because it's my first presentation."",""ko"":""첫 발표라서 떨려요.""},{""en"":""I'm so nervous — will it be okay?"",""ko"":""너무 떨려요, 괜찮을까요?""},{""en"":""My heart is pounding — I'm so nervous!"",""ko"":""심장이 두근두근해요, 떨려요!""}]"
36,"790","eseo-wasseoyo","10","~에서 왔어요","I'm from ~.","[{""en"":""I'm from the United States."",""ko"":""미국에서 왔어요.""},{""en"":""I'm from Seoul."",""ko"":""서울에서 왔어요.""},{""en"":""I'm from Busan."",""ko"":""부산에서 왔어요.""}]"
37,"791","jal-butakdeuryeoyo","10","잘 부탁드려요","I look forward to it.","[{""en"":""Please take care of me!"",""ko"":""잘 부탁드려요!""},{""en"":""I look forward to working with you."",""ko"":""앞으로 잘 부탁드려요.""},{""en"":""Please take care of me today!"",""ko"":""오늘 잘 부탁드려요!""}]"
38,"1333","seumnida","10","-습니다","formal statement ending","[{""en"":""Nice to meet you."",""ko"":""처음 뵙겠습니다.""},{""en"":""I'm from the United States."",""ko"":""미국에서 왔습니다.""},{""en"":""Thank you."",""ko"":""감사합니다.""}]"
39,"798","tayo","11","~타요","I'm taking the ~.","[{""en"":""Take Line 2!"",""ko"":""2호선 타요!""},{""en"":""Take the bus."",""ko"":""버스 타요.""},{""en"":""Take a taxi."",""ko"":""택시 타요.""}]"
40,"799","naeryeoyo","11","~에서 내려요","I get off at ~.","[{""en"":""Get off at Hongik University Station."",""ko"":""홍대입구역에서 내려요.""},{""en"":""Get off at the next stop."",""ko"":""다음 정류장에서 내려요.""},{""en"":""Get off here!"",""ko"":""여기서 내려요!""}]"
41,"800","kkaji-ga-juseyo","11","~까지 가 주세요","Please take me to ~.","[{""en"":""Please take me to Hongdae."",""ko"":""홍대까지 가 주세요.""},{""en"":""Please take me to the airport."",""ko"":""공항까지 가 주세요.""},{""en"":""Please take me to Myeongdong."",""ko"":""명동까지 가 주세요.""}]"
42,"1351","eusipsio","11","-으십시오","formal command","[{""en"":""Please wait a moment."",""ko"":""잠시만 기다리십시오.""},{""en"":""Please stand behind the safety line."",""ko"":""안전선 안쪽으로 서 주십시오.""},{""en"":""Please have a seat."",""ko"":""편히 앉으십시오.""}]"
43,"1378","eseobuteo","11","~에서부터","starting from (a place)","[{""en"":""I walked starting from here."",""ko"":""여기에서부터 걸어갔어요.""},{""en"":""I came all the way from Seoul."",""ko"":""서울에서부터 왔어요.""},{""en"":""Let's start over from the very beginning."",""ko"":""처음에서부터 다시 해요.""}]"
44,"801","deol-ge-hae-juseyo","12","덜 ~게 해 주세요","Please make it less ~.","[{""en"":""Please make it less spicy."",""ko"":""덜 맵게 해 주세요.""},{""en"":""Please make it less sweet."",""ko"":""덜 달게 해 주세요.""},{""en"":""Please make it less salty."",""ko"":""덜 짜게 해 주세요.""}]"
45,"802","ripil-dwaeyo","12","~리필 돼요?","Can I get a refill of ~?","[{""en"":""Can I get a refill of kimchi?"",""ko"":""김치 리필 돼요?""},{""en"":""Can I get a refill of side dishes?"",""ko"":""반찬 리필 돼요?""},{""en"":""Can I get a refill of water?"",""ko"":""물 리필 돼요?""}]"
46,"1372","man","12","~만","only; just","[{""en"":""Just water, please."",""ko"":""물만 주세요.""},{""en"":""Just a little, please."",""ko"":""조금만 주세요.""},{""en"":""I was the only one who didn't know."",""ko"":""저만 몰랐어요.""}]"
47,"803","e-mwo-haeyo","13","~에 뭐 해요?","What are you doing on ~?","[{""en"":""What are you doing this weekend?"",""ko"":""주말에 뭐 해요?""},{""en"":""What are you doing tonight?"",""ko"":""오늘 저녁에 뭐 해요?""},{""en"":""What are you doing next week?"",""ko"":""다음 주에 뭐 해요?""}]"
48,"804","gachi-llaeyo","13","같이 ~ㄹ래요?","Shall we ~ together?","[{""en"":""Do you want to eat together?"",""ko"":""같이 밥 먹을래요?""},{""en"":""Do you want to watch a movie together?"",""ko"":""같이 영화 볼래요?""},{""en"":""Do you want to take a walk together?"",""ko"":""같이 산책할래요?""}]"
49,"805","jogeum-neujeul-geot-gatayo","13","조금 늦을 것 같아요","I think I'll be a little late.","[{""en"":""I think I'll be a little late."",""ko"":""조금 늦을 것 같아요.""},{""en"":""I think I'll be 10 minutes late."",""ko"":""10분 늦을 것 같아요.""},{""en"":""I think I'll be quite late — sorry."",""ko"":""많이 늦을 것 같아요, 미안해요.""}]"
50,"1365","jamaja","13","-자마자","as soon as","[{""en"":""I'll go as soon as class ends."",""ko"":""수업 끝나자마자 갈게요.""},{""en"":""I called as soon as I arrived."",""ko"":""도착하자마자 연락했어요.""},{""en"":""I knew the moment I saw it."",""ko"":""보자마자 알았어요.""}]"
51,"806","gireul-ilheosseoyo","14","길을 잃었어요","I'm lost.","[{""en"":""I'm lost, please help me."",""ko"":""길을 잃었어요, 도와주세요.""},{""en"":""I'm lost — where is Hongdae?"",""ko"":""길을 잃었어요, 홍대가 어디예요?""},{""en"":""I'm lost — can I look at your map?"",""ko"":""길을 잃었어요, 지도 좀 봐도 돼요?""}]"
52,"807","jjuk-gamyeon","14","쭉 가면 돼요","Just go straight.","[{""en"":""Just go straight."",""ko"":""쭉 가면 돼요.""},{""en"":""Just go straight down this road."",""ko"":""이 길로 쭉 가면 돼요.""},{""en"":""If you go straight, there's a café."",""ko"":""쭉 가면 카페가 있어요.""}]"
53,"808","kkeokkeumyeon","14","~으로 꺾으면 돼요","Turn ~.","[{""en"":""Turn right over there."",""ko"":""저기서 오른쪽으로 꺾으면 돼요.""},{""en"":""Turn left at the traffic light."",""ko"":""신호등에서 왼쪽으로 꺾으면 돼요.""},{""en"":""Turn right at the convenience store."",""ko"":""편의점에서 오른쪽으로 꺾으면 돼요.""}]"
54,"1348","eureo-gada","14","-으러 가다","go in order to","[{""en"":""Let's go eat."",""ko"":""밥 먹으러 가요.""},{""en"":""I came to meet a friend."",""ko"":""친구 만나러 왔어요.""},{""en"":""I went to the bookstore to buy a book."",""ko"":""책 사러 서점에 갔어요.""}]"
55,"809","bwasseoyo","15","~봤어요?","Have you tried ~?","[{""en"":""Have you tried sundae?"",""ko"":""순대 먹어봤어요?""},{""en"":""Have you been to Jeju Island?"",""ko"":""제주도에 가봤어요?""},{""en"":""Have you watched a Korean drama?"",""ko"":""한국 드라마 봤어요?""}]"
56,"810","jaemiisseoyo","15","재미있어요","It's fun.","[{""en"":""This drama is really fun!"",""ko"":""이 드라마 진짜 재미있어요!""},{""en"":""Studying Korean is interesting."",""ko"":""한국어 공부가 재미있어요.""},{""en"":""It's hard but fun!"",""ko"":""어렵지만 재미있어요!""}]"
57,"811","gangchu-yeyo","15","강추예요","I highly recommend it.","[{""en"":""I highly recommend this café!"",""ko"":""이 카페 강추예요!""},{""en"":""I highly recommend this drama!"",""ko"":""이 드라마 강추예요!""},{""en"":""I highly recommend this food!"",""ko"":""이 음식 강추예요!""}]"
58,"1377","ege-hante","15","~에게/한테","to (a person)","[{""en"":""I gave a gift to my friend."",""ko"":""친구에게 선물을 줬어요.""},{""en"":""Ask me."",""ko"":""저한테 물어보세요.""},{""en"":""I told my younger sibling."",""ko"":""동생한테 말했어요.""}]"
59,"812","nalssi-eottaeyo","16","~날씨 어때요?","How's the weather in ~?","[{""en"":""What's the weather like today?"",""ko"":""오늘 날씨 어때요?""},{""en"":""What's the weather like in Seoul?"",""ko"":""서울 날씨 어때요?""},{""en"":""What's the weather like tomorrow?"",""ko"":""내일 날씨 어때요?""}]"
60,"813","ol-geot-gatayo","16","~올 것 같아요","It looks like ~ is coming.","[{""en"":""It looks like it's going to snow."",""ko"":""눈 올 것 같아요.""},{""en"":""It looks like it's going to rain."",""ko"":""비 올 것 같아요.""},{""en"":""It looks like a shower is coming soon."",""ko"":""곧 소나기 올 것 같아요.""}]"
61,"1304","get","16","-겠-","will; must be; looks like","[{""en"":""It'll probably rain tomorrow."",""ko"":""내일은 비가 오겠어요.""},{""en"":""Wow, that looks delicious!"",""ko"":""와, 맛있겠어요!""},{""en"":""I'll do it."",""ko"":""제가 하겠습니다.""}]"
62,"1350","eumyeonseo","16","-으면서","while ~ing","[{""en"":""I walk while listening to music."",""ko"":""음악을 들으면서 걸어요.""},{""en"":""We talked over coffee."",""ko"":""커피를 마시면서 이야기했어요.""},{""en"":""She said it with a smile."",""ko"":""웃으면서 말했어요.""}]"
63,"816","yak-isseoyo","17","~약 있어요?","Do you have medicine for ~?","[{""en"":""Do you have headache medicine?"",""ko"":""두통약 있어요?""},{""en"":""Do you have digestive medicine?"",""ko"":""소화제 있어요?""},{""en"":""Do you have cold medicine?"",""ko"":""감기약 있어요?""}]"
64,"817","an-meokneun-ge-naayo","17","안 먹는 게 나아요","You'd better not eat it.","[{""en"":""It's better not to eat spicy food."",""ko"":""매운 거 안 먹는 게 나아요.""},{""en"":""It's better not to eat late."",""ko"":""늦게 안 먹는 게 나아요.""},{""en"":""It's better not to eat greasy food."",""ko"":""기름진 거 안 먹는 게 나아요.""}]"
65,"1349","eumyeon-an-doeda","17","-으면 안 되다","must not; shouldn't","[{""en"":""You mustn't take photos here."",""ko"":""여기서 사진 찍으면 안 돼요.""},{""en"":""You shouldn't overdo it."",""ko"":""무리하시면 안 돼요.""},{""en"":""You can't throw this away here."",""ko"":""이건 여기 버리면 안 돼요.""}]"
66,"1387","hanteseo","17","~한테서","from (a person)","[{""en"":""I heard it from a friend."",""ko"":""친구한테서 들었어요.""},{""en"":""I got it from my older sister."",""ko"":""언니한테서 받았어요.""},{""en"":""Who did you learn it from?"",""ko"":""누구한테서 배웠어요?""}]"
67,"818","chwimi-mwoyeyo","18","취미가 뭐예요?","What are your hobbies?","[{""en"":""What are your hobbies?"",""ko"":""취미가 뭐예요?""},{""en"":""What are your hobbies these days?"",""ko"":""요즘 취미가 뭐예요?""},{""en"":""What are your hobbies? Mine is photography!"",""ko"":""취미가 뭐예요? 저는 사진이에요!""}]"
68,"819","jeodoyo","18","저도요","Me too.","[{""en"":""Me too! I love K-pop too!"",""ko"":""저도요! 저도 케이팝 좋아요!""},{""en"":""Me too — it's really delicious!"",""ko"":""저도요, 진짜 맛있어요!""},{""en"":""Me too! Let's go together!"",""ko"":""저도요! 같이 가요!""}]"
69,"820","byeolloyeyo","18","~별로예요","It's not that great.","[{""en"":""I don't really like spicy food."",""ko"":""매운 거 별로예요.""},{""en"":""I don't really like this style."",""ko"":""이 스타일 별로예요.""},{""en"":""This drama isn't really my thing."",""ko"":""이 드라마 별로예요.""}]"
70,"1371","mada","18","~마다","every","[{""en"":""I hike every weekend."",""ko"":""주말마다 등산해요.""},{""en"":""Culture differs from country to country."",""ko"":""나라마다 문화가 달라요.""},{""en"":""Everyone has their own taste."",""ko"":""사람마다 취향이 있어요.""}]"
71,"821","yumyeong-mwoyeyo","19","여기서 유명한 게 뭐예요?","What's this place famous for?","[{""en"":""What food is this place famous for?"",""ko"":""여기서 유명한 음식이 뭐예요?""},{""en"":""What is this neighborhood famous for?"",""ko"":""이 동네에서 유명한 게 뭐예요?""},{""en"":""What are the famous tourist spots in Korea?"",""ko"":""한국에서 유명한 관광지가 뭐예요?""}]"
72,"822","sajin-jjigeoyo","19","같이 사진 찍어요","Let's take a photo together.","[{""en"":""Let's take a photo together!"",""ko"":""같이 사진 찍어요!""},{""en"":""Let's take a photo together in front of Gyeongbokgung!"",""ko"":""경복궁 앞에서 같이 사진 찍어요!""},{""en"":""Let's take a photo here together!"",""ko"":""여기서 같이 사진 찍어요!""}]"
73,"823","sajin-nawasseoyo","19","사진이 잘 나왔어요?","Did the photo turn out well?","[{""en"":""Did the photo turn out well?"",""ko"":""사진이 잘 나왔어요?""},{""en"":""Did the selfie turn out well?"",""ko"":""셀카 잘 나왔어요?""},{""en"":""The photo turned out great — you look pretty!"",""ko"":""사진 잘 나왔어요, 예뻐요!""}]"
74,"1370","kkeseo","19","~께서","subject marker (honorific)","[{""en"":""The teacher has arrived."",""ko"":""선생님께서 오셨어요.""},{""en"":""My grandmother made it."",""ko"":""할머니께서 만들어 주셨어요.""},{""en"":""The boss is calling for you."",""ko"":""사장님께서 부르세요.""}]"
75,"824","oraenmanieyo","20","오랜만이에요","Long time no see.","[{""en"":""It's been a while! How have you been?"",""ko"":""오랜만이에요! 잘 지냈어요?""},{""en"":""Sophie! Long time no see!"",""ko"":""소피! 오랜만이에요!""},{""en"":""It's been a while — I missed you!"",""ko"":""오랜만이에요, 보고 싶었어요!""}]"
76,"825","jal-jinaesseoyo","20","잘 지냈어요?","How have you been?","[{""en"":""Have you been well?"",""ko"":""잘 지냈어요?""},{""en"":""Have you been well lately?"",""ko"":""요즘 잘 지냈어요?""},{""en"":""Have you been well? Were you very busy?"",""ko"":""잘 지냈어요? 많이 바빴어요?""}]"
77,"826","daeume-bwayo","20","다음에 또 봐요","See you again next time.","[{""en"":""Let's meet again soon!"",""ko"":""다음에 또 봐요!""},{""en"":""We definitely have to meet again!"",""ko"":""꼭 다음에 또 봐요!""},{""en"":""See you again — today was really fun!"",""ko"":""다음에 또 봐요, 오늘 즐거웠어요!""}]"
78,"1353","eun-ji","20","-은 지","since (time elapsed)","[{""en"":""It's been six months since I came to Korea."",""ko"":""한국에 온 지 6개월 됐어요.""},{""en"":""I haven't been learning long."",""ko"":""배운 지 얼마 안 됐어요.""},{""en"":""It's been a long time since we met."",""ko"":""만난 지 오래됐어요.""}]"
79,"828","eottaesseo","21","~어땠어?","How was ~?","[{""en"":""How was the Han River?"",""ko"":""한강 어땠어?""},{""en"":""How was the exam?"",""ko"":""시험 어땠어?""},{""en"":""How was the first day?"",""ko"":""첫날 어땠어?""}]"
80,"829","cheoeumieonneunde","21","처음이었는데","It was my first time, but ~","[{""en"":""It was my first time, but it was really delicious!"",""ko"":""처음이었는데 진짜 맛있었어!""},{""en"":""It was my first time, but it was easier than I thought."",""ko"":""처음이었는데 생각보다 쉬웠어.""},{""en"":""It was my first time, but I want to go again!"",""ko"":""처음이었는데 또 가고 싶어!""}]"
81,"1324","ni-eomi","21","-니?","casual question ending","[{""en"":""Did you eat?"",""ko"":""밥 먹었니?""},{""en"":""Where are you going?"",""ko"":""어디 가니?""},{""en"":""Are you okay?"",""ko"":""괜찮니?""}]"
82,"1334","at-eot","21","-았/었-","past tense","[{""en"":""I met a friend yesterday."",""ko"":""어제 친구를 만났어요.""},{""en"":""I ate."",""ko"":""밥을 먹었어요.""},{""en"":""It was fun."",""ko"":""재미있었어요.""}]"
83,"830","geot-gatayo","22","~것 같아요","I think ~ / It seems ~","[{""en"":""It seems like it'll be delicious!"",""ko"":""맛있을 것 같아요!""},{""en"":""It seems like it'll be difficult."",""ko"":""어려울 것 같아요.""},{""en"":""It seems like it's famous."",""ko"":""유명한 것 같아요.""}]"
84,"831","na-bwayo","22","~나 봐요","It seems like ~ / I guess ~","[{""en"":""It must be delicious — the line is long!"",""ko"":""맛있나 봐요, 줄이 길어요!""},{""en"":""It must be famous."",""ko"":""유명한가 봐요.""},{""en"":""They must be busy."",""ko"":""바쁜가 봐요.""}]"
85,"1311","na-sipda","22","-나 싶다","wonder if; think maybe","[{""en"":""I wonder if it's too late."",""ko"":""너무 늦었나 싶어요.""},{""en"":""I think maybe I made a mistake."",""ko"":""제가 실수했나 싶어요.""},{""en"":""I'm not sure if this is right."",""ko"":""이게 맞나 싶어요.""}]"
86,"1360","eulgeol","22","-을걸","probably; should have","[{""en"":""It's probably closed."",""ko"":""아마 문 닫았을걸.""},{""en"":""I should have said something then."",""ko"":""그때 말할걸.""},{""en"":""I should have booked in advance."",""ko"":""미리 예약할걸 그랬어요.""}]"
87,"833","haeya-hae","23","~해야 해","I have to ~ / You have to ~","[{""en"":""You have to study now!"",""ko"":""지금 공부해야 해!""},{""en"":""You have to eat."",""ko"":""밥 먹어야 해.""},{""en"":""You absolutely have to go!"",""ko"":""꼭 가야 해!""}]"
88,"834","haji-ma","23","~하지 마","Don't ~.","[{""en"":""Don't worry!"",""ko"":""걱정하지 마!""},{""en"":""Don't be late!"",""ko"":""늦지 마!""},{""en"":""Don't give up!"",""ko"":""포기하지 마!""}]"
89,"835","itji-ma","23","~잊지 마","Don't forget ~.","[{""en"":""Don't forget your phone!"",""ko"":""핸드폰 잊지 마!""},{""en"":""Don't forget our appointment!"",""ko"":""약속 잊지 마!""},{""en"":""Don't forget your umbrella!"",""ko"":""우산 잊지 마!""}]"
90,"1331","dorok","23","-도록","so that; to the point of","[{""en"":""I left early so I wouldn't be late."",""ko"":""늦지 않도록 일찍 출발했어요.""},{""en"":""I wrote it big so it's easy to see."",""ko"":""잘 보이도록 크게 썼어요.""},{""en"":""I sang until my throat hurt."",""ko"":""목이 아프도록 노래했어요.""}]"
91,"836","eotteoke-saenggak","24","~어떻게 생각해요?","What do you think about ~?","[{""en"":""What do you think about Korean food?"",""ko"":""한국 음식 어떻게 생각해요?""},{""en"":""What do you think about this drama?"",""ko"":""이 드라마 어떻게 생각해요?""},{""en"":""What do you think about my plan?"",""ko"":""제 계획 어떻게 생각해요?""}]"
92,"837","matneun-marieyo","24","맞는 말이에요","That's a good point.","[{""en"":""That's a good point. I think so too."",""ko"":""맞는 말이에요, 저도 그렇게 생각해요.""},{""en"":""That's a good point, but I see it differently."",""ko"":""맞는 말이에요, 근데 저는 달라요.""},{""en"":""That's a valid point!"",""ko"":""그건 맞는 말이에요!""}]"
93,"838","jeo-dalayo","24","저는 좀 달라요","I'm a bit different.","[{""en"":""I'm a bit different — I love spicy food!"",""ko"":""저는 좀 달라요, 매운 거 좋아해요!""},{""en"":""I'm a bit different — I prefer bands."",""ko"":""저는 좀 달라요, 밴드가 더 좋아요.""},{""en"":""My taste is a bit different."",""ko"":""취향이 저는 좀 달라요.""}]"
94,"1321","neundago","24","-는다고","says that","[{""en"":""Jisu said she's coming tomorrow."",""ko"":""지수가 내일 온다고 했어요.""},{""en"":""I heard this place is good."",""ko"":""여기 맛있다고 들었어요.""},{""en"":""He said he's busy these days."",""ko"":""요즘 바쁘다고 했어요.""}]"
95,"839","ga-bwasseoyo","25","~에 가 봤어요?","Have you been to ~?","[{""en"":""Have you been to Jeju Island?"",""ko"":""제주도에 가 봤어요?""},{""en"":""Have you been to Gyeongbokgung?"",""ko"":""경복궁에 가 봤어요?""},{""en"":""Have you been to Busan?"",""ko"":""부산에 가 봤어요?""}]"
96,"840","kkok-ga-boseyo","25","꼭 가 보세요","You should definitely go.","[{""en"":""You should definitely visit the Han River!"",""ko"":""한강 꼭 가 보세요!""},{""en"":""You should definitely check out Gwangjang Market!"",""ko"":""광장시장 꼭 가 보세요!""},{""en"":""You should definitely go to Jeju Island!"",""ko"":""제주도 꼭 가 보세요!""}]"
97,"1340","eo-boda","25","-어 보다","try ~ing","[{""en"":""Try eating it."",""ko"":""한번 먹어 보세요.""},{""en"":""May I try it on?"",""ko"":""입어 봐도 돼요?""},{""en"":""I've been to Korea."",""ko"":""한국에 가 봤어요.""}]"
98,"1354","eun-hue","25","-은 후에","after","[{""en"":""Let's meet after class."",""ko"":""수업이 끝난 후에 만나요.""},{""en"":""I took a walk after eating."",""ko"":""밥을 먹은 후에 산책했어요.""},{""en"":""I'll tell you after I think about it."",""ko"":""생각해 본 후에 말씀드릴게요.""}]"
99,"842","yojeum-mwo-bwayo","26","요즘 뭐 봐요?","What are you watching these days?","[{""en"":""What are you watching lately?"",""ko"":""요즘 뭐 봐요?""},{""en"":""What dramas are you watching lately?"",""ko"":""요즘 드라마 뭐 봐요?""},{""en"":""What are you watching lately? Give me a recommendation!"",""ko"":""요즘 뭐 봐요? 추천해줘요!""}]"
100,"843","ppajyeodeureoyo","26","완전 빠져들었어요","I'm totally hooked.","[{""en"":""I'm totally hooked on this drama!"",""ko"":""이 드라마 완전 빠져들었어요!""},{""en"":""I'm totally hooked on K-pop!"",""ko"":""케이팝에 완전 빠져들었어요!""},{""en"":""I'm totally absorbed in studying Korean."",""ko"":""한국어 공부에 완전 빠져들었어요.""}]"
101,"844","gidae-dwaeyo","26","다음 화가 기대돼요","I can't wait for the next episode.","[{""en"":""I can't wait for the next episode!"",""ko"":""다음 화가 진짜 기대돼요!""},{""en"":""I can't wait for next week!"",""ko"":""다음 주가 진짜 기대돼요!""},{""en"":""I can't wait to see the ending!"",""ko"":""결말이 정말 기대돼요!""}]"
102,"1316","neun-daero","26","-는 대로","as soon as; just as","[{""en"":""I'll call as soon as I arrive."",""ko"":""도착하는 대로 연락할게요.""},{""en"":""I said it just as I heard it."",""ko"":""들은 대로 말했어요.""},{""en"":""I'll go as soon as it's over."",""ko"":""끝나는 대로 갈게요.""}]"
103,"845","norae-arayo","27","이 노래 알아요?","Do you know this song?","[{""en"":""Do you know this song?"",""ko"":""이 노래 알아요?""},{""en"":""Do you know this song? I love it so much!"",""ko"":""이 노래 알아요? 너무 좋아요!""},{""en"":""Do you know this singer's songs?"",""ko"":""이 가수 노래 알아요?""}]"
104,"846","gasa-tteut","27","가사가 무슨 뜻이에요?","What do the lyrics mean?","[{""en"":""What does this lyric mean?"",""ko"":""이 가사가 무슨 뜻이에요?""},{""en"":""What does '그리워' mean?"",""ko"":""'그리워'가 무슨 뜻이에요?""},{""en"":""What does this part of the lyrics mean?"",""ko"":""이 부분 가사가 무슨 뜻이에요?""}]"
105,"847","jungdokseong","27","중독성 있어요","It's addictive.","[{""en"":""This song is so catchy!"",""ko"":""이 노래 진짜 중독성 있어요!""},{""en"":""Tteokbokki is so addictive!"",""ko"":""떡볶이 중독성 있어요!""},{""en"":""This drama is totally addictive!"",""ko"":""이 드라마 완전 중독성 있어요!""}]"
106,"1376","ppun","27","~뿐","only; nothing but","[{""en"":""You're the only one I can trust."",""ko"":""믿을 사람은 너뿐이야.""},{""en"":""It's only once."",""ko"":""한 번뿐이에요.""},{""en"":""I just smiled, that's all."",""ko"":""그냥 웃을 뿐이었어요.""}]"
107,"848","gwanri-haeyo","28","~관리 어떻게 해요?","How do you take care of ~?","[{""en"":""How do you take care of your skin?"",""ko"":""피부 관리 어떻게 해요?""},{""en"":""How do you take care of your hair?"",""ko"":""머리 관리 어떻게 해요?""},{""en"":""How do you take care of your body?"",""ko"":""몸 관리 어떻게 해요?""}]"
108,"849","hyogwa-isseoyo","28","~효과 있어요?","Does ~ actually work?","[{""en"":""Is this serum effective?"",""ko"":""이 세럼 효과 있어요?""},{""en"":""Does this diet method work?"",""ko"":""이 다이어트 방법 효과 있어요?""},{""en"":""Does this medicine work?"",""ko"":""이 약 효과 있어요?""}]"
109,"850","hugi-joayo","28","후기가 좋아요","It has good reviews.","[{""en"":""The reviews for this cream are amazing!"",""ko"":""이 크림 후기가 진짜 좋아요!""},{""en"":""This restaurant has great reviews — let's go!"",""ko"":""이 식당 후기가 좋아요, 가봐요!""},{""en"":""I bought it because the reviews were good."",""ko"":""후기가 좋아서 사봤어요.""}]"
110,"1373","mankeum","28","~만큼","as much as","[{""en"":""It's not as hard as I thought."",""ko"":""생각만큼 어렵지 않아요.""},{""en"":""I improved as much as I worked at it."",""ko"":""노력한 만큼 늘었어요.""},{""en"":""You speak as well as a Korean."",""ko"":""한국 사람만큼 잘해요.""}]"
111,"851","eolmana-jaju","29","얼마나 자주 해요?","How often do you ~?","[{""en"":""How often do you exercise?"",""ko"":""얼마나 자주 운동해요?""},{""en"":""How often do you go to cafés?"",""ko"":""얼마나 자주 카페 가요?""},{""en"":""How often do you study Korean?"",""ko"":""얼마나 자주 한국어 공부해요?""}]"
112,"852","geongang-joayo","29","건강에 좋아요","It's good for your health.","[{""en"":""Walking is good for your health!"",""ko"":""걷기 건강에 좋아요!""},{""en"":""Kimchi is good for your health."",""ko"":""김치 건강에 좋아요.""},{""en"":""Sleeping well is good for your health."",""ko"":""잠 잘 자는 게 건강에 좋아요.""}]"
113,"853","kkujunhi","29","꾸준히 하고 있어요","I've been keeping it up.","[{""en"":""I've been exercising consistently lately!"",""ko"":""요즘 운동 꾸준히 하고 있어요!""},{""en"":""I've been studying Korean consistently every day."",""ko"":""매일 한국어 꾸준히 하고 있어요.""},{""en"":""I've been keeping it up — it's working well!"",""ko"":""꾸준히 하고 있어요, 효과가 좋아요!""}]"
114,"1341","eo-oda","29","-어 오다","have been ~ing (until now)","[{""en"":""I've been learning Korean for three years."",""ko"":""3년째 한국어를 배워 왔어요.""},{""en"":""I've kept at it steadily."",""ko"":""꾸준히 해 왔어요.""},{""en"":""It's the time we've walked together."",""ko"":""함께 걸어온 시간이에요.""}]"
115,"854","eodi-sarayo","30","~어디 살아요?","Where do you live?","[{""en"":""Where in Korea do you live?"",""ko"":""한국 어디 살아요?""},{""en"":""Where in Seoul do you live?"",""ko"":""서울 어디 살아요?""},{""en"":""Where are you living now?"",""ko"":""지금 어디 살아요?""}]"
116,"855","honja-sarayo","30","혼자 살아요?","Do you live alone?","[{""en"":""Do you live alone?"",""ko"":""혼자 살아요?""},{""en"":""Do you live alone? Are you renting on your own?"",""ko"":""혼자 살아요? 자취해요?""},{""en"":""Isn't it lonely living alone?"",""ko"":""혼자 살면 외롭지 않아요?""}]"
117,"856","geuncheoe-mwo-isseo","30","~근처에 뭐 있어?","What's near ~?","[{""en"":""What's near your place?"",""ko"":""집 근처에 뭐 있어?""},{""en"":""What's near the school?"",""ko"":""학교 근처에 뭐 있어요?""},{""en"":""Is there a café near here?"",""ko"":""여기 근처에 카페 있어요?""}]"
118,"857","gibuni-eottae","31","기분이 어때?","How are you feeling today?","[{""en"":""How are you feeling today?"",""ko"":""오늘 기분이 어때?""},{""en"":""How have you been feeling lately?"",""ko"":""요즘 기분이 어때?""},{""en"":""How are you feeling? Are you feeling much better?"",""ko"":""기분이 어때? 많이 나아졌어?""}]"
119,"858","raseo-haengbokae","31","~라서 행복해","Happy because of ~","[{""en"":""I'm happy because we're going on a trip!"",""ko"":""여행이라서 행복해!""},{""en"":""I'm happy because you're by my side."",""ko"":""네가 옆에 있어서 행복해.""},{""en"":""I'm happy because I'm in Korea!"",""ko"":""한국에 있어서 행복해!""}]"
120,"859","seolle","31","설레","I'm so excited!","[{""en"":""I'm excited because it's my first trip to Korea!"",""ko"":""첫 한국 여행이라서 설레!""},{""en"":""I'm excited because the concert is tomorrow!"",""ko"":""내일 콘서트라서 설레!""},{""en"":""I'm excited for some reason — I'm not sure why."",""ko"":""뭔가 설레, 이유는 모르겠어.""}]"
121,"1302","geodeun","31","-거든","because, you see","[{""en"":""I can't go today — I have plans."",""ko"":""오늘은 못 가요. 약속이 있거든요.""},{""en"":""He's famous. He's a singer, you see."",""ko"":""저 사람 유명해요. 가수거든요.""},{""en"":""I'll be a little late; I just left."",""ko"":""조금 늦을게요. 지금 출발했거든요.""}]"
122,"860","gwaenchanayo","32","괜찮아요?","Are you okay?","[{""en"":""Are you okay? Are you having a hard time?"",""ko"":""괜찮아요? 많이 힘들어요?""},{""en"":""Are you okay? You don't look well."",""ko"":""괜찮아요? 얼굴이 안 좋아 보여요.""},{""en"":""Are you hurting a lot? Are you okay?"",""ko"":""많이 아파요? 괜찮아요?""}]"
123,"861","yojeum-jom-himdeureoyo","32","요즘 좀 힘들어요","Things have been a bit hard lately.","[{""en"":""I've been struggling lately — studying is hard."",""ko"":""요즘 좀 힘들어요, 공부가 어려워요.""},{""en"":""I've been having a hard time lately — I'm very busy."",""ko"":""요즘 좀 힘들어요, 많이 바빠요.""},{""en"":""I've been struggling lately, but I'm okay!"",""ko"":""요즘 좀 힘들어요, 그래도 괜찮아요!""}]"
124,"862","eonjedeunji-yeollakaeyo","32","언제든지 연락해요","Contact me anytime.","[{""en"":""Stay in touch anytime!"",""ko"":""언제든지 연락해요!""},{""en"":""If you're struggling, contact me anytime."",""ko"":""힘들면 언제든지 연락해요.""},{""en"":""Contact me anytime — I'm always here!"",""ko"":""언제든지 연락해요, 항상 여기 있어요!""}]"
125,"1312","neurago","32","-느라고","because I was busy ~ing","[{""en"":""I couldn't call because I was working."",""ko"":""일하느라고 연락 못 했어요.""},{""en"":""I stayed up all night studying."",""ko"":""공부하느라고 밤을 새웠어요.""},{""en"":""I lost track of time watching a drama."",""ko"":""드라마 보느라고 시간 가는 줄 몰랐어요.""}]"
126,"863","kakaotok-haeyo","33","카카오톡 해요?","Do you use KakaoTalk?","[{""en"":""Do you use KakaoTalk? Tell me your ID!"",""ko"":""카카오톡 해요? 아이디 알려줘요!""},{""en"":""Do you use KakaoTalk? I'll add you as a friend!"",""ko"":""카카오톡 해요? 친구 추가할게요!""},{""en"":""Do you use KakaoTalk? Let's message there!"",""ko"":""카카오톡 해요? 거기서 연락해요!""}]"
127,"864","pallouhaedo-dwaeyo","33","팔로우해도 돼요?","May I follow you?","[{""en"":""Is it okay to follow you?"",""ko"":""팔로우해도 돼요?""},{""en"":""Is it okay to follow you on Instagram?"",""ko"":""인스타 팔로우해도 돼요?""},{""en"":""Is it okay to follow you? I'll follow you back!"",""ko"":""팔로우해도 돼요? 저도 팔로우할게요!""}]"
128,"1337","eo-duda","33","-어 두다","keep it done for later","[{""en"":""I saved the contact."",""ko"":""연락처를 저장해 뒀어요.""},{""en"":""I saved us a seat."",""ko"":""자리를 잡아 뒀어요.""},{""en"":""I took a photo to keep."",""ko"":""사진을 찍어 뒀어요.""}]"
129,"1361","eulge","33","-을게","I'll (promise to)","[{""en"":""I'll do it."",""ko"":""내가 할게.""},{""en"":""I'll call you later."",""ko"":""이따 연락할게.""},{""en"":""I'll head out first."",""ko"":""먼저 갈게.""}]"
130,"866","jega-salgeyo","34","제가 살게요","It's on me.","[{""en"":""Today's on me!"",""ko"":""오늘은 제가 살게요!""},{""en"":""This time it's on me!"",""ko"":""이번엔 제가 살게요!""},{""en"":""I'll get this one — you get the next one!"",""ko"":""제가 살게요, 다음엔 네가 사!""}]"
131,"867","deochipei-haeyo","34","더치페이 해요?","Shall we split the bill?","[{""en"":""Should we split the bill?"",""ko"":""더치페이 해요?""},{""en"":""Let's split the bill today!"",""ko"":""오늘 더치페이 해요!""},{""en"":""Should we split it? Or I can pay!"",""ko"":""더치페이 해요? 아니면 제가 낼게요!""}]"
132,"868","bap-hanbeon-meogeoyo","34","밥 한번 먹어요","Let's grab a meal sometime.","[{""en"":""Let's grab a meal sometime!"",""ko"":""밥 한번 먹어요!""},{""en"":""Let's grab a meal next time!"",""ko"":""다음에 밥 한번 먹어요!""},{""en"":""Let's grab a meal — it's on me!"",""ko"":""밥 한번 먹어요, 제가 살게요!""}]"
133,"870","ibeo-bwasseo","35","~입어 봤어?","Have you tried this on?","[{""en"":""Have you tried on a hanbok?"",""ko"":""한복 입어 봤어?""},{""en"":""Have you tried on this outfit?"",""ko"":""이 옷 입어 봤어?""},{""en"":""Have you tried it on? It suits you!"",""ko"":""입어 봤어? 잘 어울려!""}]"
134,"871","myeongjeore-mwo-hae","35","명절에 뭐 해?","What do you do on holidays?","[{""en"":""What do you do for Chuseok?"",""ko"":""추석에 명절에 뭐 해?""},{""en"":""What do you do for Seollal?"",""ko"":""설날 명절에 뭐 해?""},{""en"":""What do you do for holidays? Do you spend time with family?"",""ko"":""명절에 뭐 해? 가족이랑 시간 보내?""}]"
135,"872","ige-museun-tteusiya","35","이게 무슨 뜻이야?","What does this mean?","[{""en"":""What does this mean?"",""ko"":""이게 무슨 뜻이야?""},{""en"":""What does this word mean?"",""ko"":""이 단어 무슨 뜻이야?""},{""en"":""What does this mean? Teach me!"",""ko"":""이게 무슨 뜻이야? 가르쳐줘!""}]"
136,"1325","dasipi","35","-다시피","as you know; as you can see","[{""en"":""As you know, today is a day off."",""ko"":""아시다시피 오늘은 쉬는 날이에요.""},{""en"":""As you can see, it's crowded."",""ko"":""보시다시피 사람이 많아요.""},{""en"":""As I mentioned, there's no time."",""ko"":""말씀드렸다시피 시간이 없어요.""}]"
137,"873","sul-masyeoyo","36","술 마셔요?","Do you drink?","[{""en"":""Do you drink? Just a little for me!"",""ko"":""술 마셔요? 저는 조금만요!""},{""en"":""Do you drink? Let's have a drink together!"",""ko"":""술 마셔요? 같이 한잔 해요!""},{""en"":""Do you drink? I can't drink today."",""ko"":""술 마셔요? 오늘은 못 마셔요.""}]"
138,"874","geonbaehaeyo","36","건배해요","Cheers!","[{""en"":""Come on, let's toast!"",""ko"":""자, 건배해요!""},{""en"":""Let's toast! Let's do our best today!"",""ko"":""건배해요! 오늘도 화이팅!""},{""en"":""Let's toast — all together!"",""ko"":""건배해요, 다 같이!""}]"
139,"875","yeogikkajiman-haeyo","36","오늘은 여기까지만 해요","Let's stop here for today.","[{""en"":""Let's call it here for today!"",""ko"":""오늘은 여기까지만 해요!""},{""en"":""Let's stop here for today — let's continue tomorrow!"",""ko"":""오늘은 여기까지만 해요, 내일 또 해요!""},{""en"":""I'm tired, so let's call it here for today."",""ko"":""피곤하니까 오늘은 여기까지만 해요.""}]"
140,"1364","eupsida","36","-읍시다","let's (formal)","[{""en"":""Let's toast!"",""ko"":""건배합시다!""},{""en"":""Let's go together."",""ko"":""같이 갑시다.""},{""en"":""Let's begin now."",""ko"":""이제 시작합시다.""}]"
141,"876","i-norae-gachi-bulleoyo","37","이 노래 같이 불러요","Let's sing this song together!","[{""en"":""Let's sing this song together!"",""ko"":""이 노래 같이 불러요!""},{""en"":""Let's sing this song together — do you know the lyrics?"",""ko"":""이 노래 같이 불러요, 가사 알아요?""},{""en"":""Let's sing your favorite song together!"",""ko"":""좋아하는 노래 같이 불러요!""}]"
142,"877","sincheonggok-isseoyo","37","신청곡 있어요?","Any song requests?","[{""en"":""Do you have a song request?"",""ko"":""신청곡 있어요?""},{""en"":""Do you have a song request? I'll put it on!"",""ko"":""신청곡 있어요? 제가 틀어줄게요!""},{""en"":""Do you have a request? What do you want to hear?"",""ko"":""신청곡 있어요? 뭐 듣고 싶어요?""}]"
143,"878","han-gok-deo-haeyo","37","한 곡 더 해요","One more song.","[{""en"":""Let's do one more song!"",""ko"":""한 곡 더 해요!""},{""en"":""One more song — this time I'll sing!"",""ko"":""한 곡 더 해요, 이번엔 제가 불러요!""},{""en"":""It's so fun — let's do one more song!"",""ko"":""재미있으니까 한 곡 더 해요!""}]"
144,"1343","eo-juda","37","-어 주다","do (as a favor) for someone","[{""en"":""I'll take a photo for you."",""ko"":""사진 찍어 줄게요.""},{""en"":""Could you help me a bit?"",""ko"":""좀 도와줄래요?""},{""en"":""Please speak slowly."",""ko"":""천천히 말해 주세요.""}]"
145,"879","gachi-chwoyo","38","같이 춰요","Let's dance together.","[{""en"":""Let's dance together!"",""ko"":""같이 춰요!""},{""en"":""Let's dance together — to this song!"",""ko"":""같이 춰요, 이 노래에 맞춰서!""},{""en"":""Let's dance together — I'll teach you!"",""ko"":""같이 춰요, 제가 가르쳐줄게요!""}]"
146,"880","eoryeopjiman-jaemiisseoyo","38","어렵지만 재미있어요","It's hard but fun.","[{""en"":""It's hard but fun!"",""ko"":""어렵지만 재미있어요!""},{""en"":""It's hard at first, but it's fun."",""ko"":""처음엔 어렵지만 재미있어요.""},{""en"":""It's hard but fun — I'll keep going!"",""ko"":""어렵지만 재미있어요, 계속 할게요!""}]"
147,"881","hada-bomyeon-neureoyo","38","하다 보면 늘어요","You'll improve as you go.","[{""en"":""The more you do it, the better you get!"",""ko"":""하다 보면 늘어요!""},{""en"":""The more you practice, the better you get."",""ko"":""연습하다 보면 늘어요.""},{""en"":""If you do it every day, you'll improve!"",""ko"":""매일 하다 보면 늘어요!""}]"
148,"882","bunwigi-joayo","39","분위기 좋아요","The atmosphere is nice.","[{""en"":""This café has a great atmosphere!"",""ko"":""이 카페 분위기 좋아요!""},{""en"":""The weather is nice today and the atmosphere is great!"",""ko"":""오늘 날씨도 좋고 분위기 좋아요!""},{""en"":""It's quiet here and the atmosphere is nice."",""ko"":""여기 조용하고 분위기 좋아요.""}]"
149,"883","daldalhan-geo-isseoyo","39","달달한 거 있어요?","Do you have anything sweet?","[{""en"":""Do you have anything sweet?"",""ko"":""달달한 거 있어요?""},{""en"":""Do you have anything sweet? Is there caramel latte?"",""ko"":""달달한 거 있어요? 카라멜 라떼 있어요?""},{""en"":""Do you have anything sweet? I'm craving it today!"",""ko"":""달달한 거 있어요? 오늘 당기네요!""}]"
150,"884","orae-isseodo-dwaeyo","39","오래 있어도 돼요?","Is it okay to stay a long time?","[{""en"":""Is it okay to stay a long time?"",""ko"":""오래 있어도 돼요?""},{""en"":""I'm going to study — is it okay to stay long?"",""ko"":""공부하려고요, 오래 있어도 돼요?""},{""en"":""Can I use my laptop and stay a long time?"",""ko"":""노트북 써도 되고 오래 있어도 돼요?""}]"
151,"1342","eo-itda","39","-어 있다","be in the state of","[{""en"":""The flowers are in bloom."",""ko"":""꽃이 피어 있어요.""},{""en"":""The door is open."",""ko"":""문이 열려 있어요.""},{""en"":""I'm sitting in my seat."",""ko"":""자리에 앉아 있어요.""}]"
152,"885","naramada-dallayo","40","나라마다 달라요","It differs from country to country.","[{""en"":""Every country is different — that's what makes it fun!"",""ko"":""나라마다 달라요, 그게 재미있어요!""},{""en"":""Food is different in every country."",""ko"":""나라마다 음식이 달라요.""},{""en"":""Every country is different — that's why I love traveling!"",""ko"":""나라마다 달라요, 그래서 여행이 좋아요!""}]"
153,"886","ije-jeogeungi-dwaesseoyo","40","이제 적응이 됐어요","I've gotten used to it now.","[{""en"":""I've finally adapted to life in Korea!"",""ko"":""이제 한국 생활에 적응이 됐어요!""},{""en"":""I've even gotten used to the subway now."",""ko"":""지하철도 이제 적응이 됐어요.""},{""en"":""I've even gotten used to spicy food now!"",""ko"":""매운 음식도 이제 적응이 됐어요!""}]"
154,"887","cheoeumen-natseoreonneunde","40","처음엔 낯설었는데","It felt strange at first, but ~","[{""en"":""It was unfamiliar at first, but now it's fine."",""ko"":""처음엔 낯설었는데 이제 괜찮아요.""},{""en"":""It was unfamiliar at first, but now I love it!"",""ko"":""처음엔 낯설었는데 지금은 좋아요!""},{""en"":""It was unfamiliar at first, but I got used to it."",""ko"":""처음엔 낯설었는데 하다 보니 익숙해졌어요.""}]"
155,"1368","gwa-wa","40","~과/와","and; with","[{""en"":""I ate kimchi and rice."",""ko"":""김치와 밥을 먹었어요.""},{""en"":""I went with a friend."",""ko"":""친구와 같이 갔어요.""},{""en"":""Korea and France are different."",""ko"":""한국과 프랑스는 달라요.""}]"
156,"888","neunde","41","~는데","I'm hungry — what should we ~?","[{""en"":""I'm busy, but do you have a moment?"",""ko"":""바쁜데 잠깐 시간 있어요?""},{""en"":""I'm tired today, but shall we eat?"",""ko"":""오늘 피곤한데 밥 먹을까요?""},{""en"":""It's hard, but I'll try!"",""ko"":""어렵긴 한데 해볼게요!""}]"
157,"1344","eoseo","41","-어서","because; and then","[{""en"":""I ate because I was hungry."",""ko"":""배가 고파서 밥을 먹었어요.""},{""en"":""Sorry I'm late."",""ko"":""늦어서 죄송해요.""},{""en"":""I went to a cafe and studied."",""ko"":""카페에 가서 공부했어요.""}]"
158,"1347","eunikka","41","-으니까","since; because","[{""en"":""Take an umbrella since it's raining."",""ko"":""비가 오니까 우산 가져가세요.""},{""en"":""Let's hurry since there's no time."",""ko"":""시간이 없으니까 서두르자.""},{""en"":""It's good, so give it a try."",""ko"":""맛있으니까 한번 드셔 보세요.""}]"
159,"1367","jiman","41","-지만","but; although","[{""en"":""It's hard but fun."",""ko"":""어렵지만 재미있어요.""},{""en"":""It was spicy but delicious."",""ko"":""매웠지만 맛있었어요.""},{""en"":""I don't have time, but I want to go."",""ko"":""시간은 없지만 가고 싶어요.""}]"
160,"891","myeon-eottaeyo","42","~면 어때요?","How about meeting ~?","[{""en"":""What if we go to a café together?"",""ko"":""같이 카페 가면 어때요?""},{""en"":""What if we meet tomorrow?"",""ko"":""내일 만나면 어때요?""},{""en"":""What if we do it this way?"",""ko"":""이렇게 하면 어때요?""}]"
161,"892","myeon-jokesseoyo","42","~면 좋겠어요","I hope the weather is nice ~","[{""en"":""I wish it would rain."",""ko"":""비가 오면 좋겠어요.""},{""en"":""I hope we can go together!"",""ko"":""같이 가면 좋겠어요!""},{""en"":""I wish I had time."",""ko"":""시간이 있으면 좋겠어요.""}]"
162,"893","myeon-dwaeyo","42","~면 돼요","You can ~","[{""en"":""You can do it this way."",""ko"":""이렇게 하면 돼요.""},{""en"":""You just need to come here!"",""ko"":""여기 오면 돼요!""},{""en"":""You can just say it."",""ko"":""그냥 말하면 돼요.""}]"
163,"1328","deorado","42","-더라도","even if","[{""en"":""Even if it's hard, don't give up."",""ko"":""힘들더라도 포기하지 마세요.""},{""en"":""I'll go even if it rains."",""ko"":""비가 오더라도 갈게요.""},{""en"":""Come even if you're late."",""ko"":""늦더라도 꼭 오세요.""}]"
164,"894","ttaemune","43","~때문에","I couldn't go out because of the ~","[{""en"":""I couldn't come because of the rain."",""ko"":""비 때문에 못 왔어요.""},{""en"":""I couldn't go because I was busy."",""ko"":""바쁘기 때문에 못 갔어요.""},{""en"":""I study every day because I love it."",""ko"":""좋아하기 때문에 매일 공부해요.""}]"
165,"895","deokbune","43","~덕분에","Thanks to my teacher, my Korean has ~","[{""en"":""My Korean improved thanks to Jisu!"",""ko"":""지수 덕분에 한국어가 늘었어요!""},{""en"":""I'm happy thanks to all of you!"",""ko"":""여러분 덕분에 행복해요!""},{""en"":""It worked out well thanks to you."",""ko"":""덕분에 잘 해결됐어요.""}]"
166,"1318","neun-barame","43","-는 바람에","because of (something unexpected)","[{""en"":""I was late because I overslept."",""ko"":""늦잠을 자는 바람에 지각했어요.""},{""en"":""I couldn't go because it rained."",""ko"":""비가 오는 바람에 못 갔어요.""},{""en"":""Things blew up because I posted that photo."",""ko"":""사진을 올리는 바람에 난리 났어요.""}]"
167,"897","neun-dongan","44","~는 동안","Shall we have coffee while we ~?","[{""en"":""I study while listening to music."",""ko"":""음악을 듣는 동안 공부해요.""},{""en"":""I read a book while waiting."",""ko"":""기다리는 동안 책 읽어요.""},{""en"":""I study Korean while watching dramas!"",""ko"":""드라마 보는 동안 한국어 공부해요!""}]"
168,"898","go-naseo","44","~고 나서","Shall we take a walk after ~?","[{""en"":""I go for a walk after eating."",""ko"":""밥 먹고 나서 산책해요.""},{""en"":""I rest after studying."",""ko"":""공부하고 나서 쉬어요.""},{""en"":""I drink coffee after waking up."",""ko"":""일어나고 나서 커피 마셔요.""}]"
169,"899","gi-jeone","44","~기 전에","Don't look at your phone before ~","[{""en"":""I write in my diary before going to sleep."",""ko"":""자기 전에 일기 써요.""},{""en"":""I take a photo before eating!"",""ko"":""먹기 전에 사진 찍어요!""},{""en"":""I grab my phone before going out."",""ko"":""나가기 전에 핸드폰 챙겨요.""}]"
170,"901","hae-deurilkkayo","45","해 드릴까요?","Shall I do it for you?","[{""en"":""Can I help you?"",""ko"":""도와 드릴까요?""},{""en"":""Shall I do it for you?"",""ko"":""제가 해 드릴까요?""},{""en"":""Shall I do it together with you?"",""ko"":""같이 해 드릴까요?""}]"
171,"902","joesonghandeyo-hoksi","45","죄송한데요 혹시 ~","Excuse me, could you ~?","[{""en"":""Excuse me, do you happen to know the way?"",""ko"":""죄송한데요, 혹시 길 알아요?""},{""en"":""Excuse me, do you happen to have a moment?"",""ko"":""죄송한데요, 혹시 시간 있어요?""},{""en"":""Excuse me, could you possibly take a photo for me?"",""ko"":""죄송한데요, 혹시 사진 찍어줄 수 있어요?""}]"
172,"1338","eo-deurida","45","-어 드리다","do for someone (humble)","[{""en"":""Let me help you."",""ko"":""제가 도와드릴게요.""},{""en"":""Shall I take a photo for you?"",""ko"":""사진 찍어 드릴까요?""},{""en"":""I'll show you to your seat."",""ko"":""자리를 안내해 드리겠습니다.""}]"
173,"1362","eulkkayo","45","-을까요?","shall I/we?","[{""en"":""Shall we go together?"",""ko"":""같이 갈까요?""},{""en"":""Shall I help you?"",""ko"":""제가 도와드릴까요?""},{""en"":""What shall we eat?"",""ko"":""뭐 먹을까요?""}]"
174,"903","ji-eolmana-dwaesseoyo","46","~지 얼마나 됐어요?","How long has it been since you came to ~?","[{""en"":""How long has it been since you came to Korea?"",""ko"":""한국에 온 지 얼마나 됐어요?""},{""en"":""How long have you been studying?"",""ko"":""공부한 지 얼마나 됐어요?""},{""en"":""How long has it been since we met?"",""ko"":""만난 지 얼마나 됐어요?""}]"
175,"904","ajik-neun-jungieyo","46","아직 ~는 중이에요","아직 ~","[{""en"":""I'm still in the middle of studying."",""ko"":""아직 공부하는 중이에요.""},{""en"":""I'm still waiting."",""ko"":""아직 기다리는 중이에요.""},{""en"":""I'm still getting ready!"",""ko"":""아직 준비하는 중이에요!""}]"
176,"905","geoui-da-dwaesseoyo","46","거의 다 됐어요","It's almost done.","[{""en"":""I'm almost done — just wait a little!"",""ko"":""거의 다 됐어요, 조금만 기다려요!""},{""en"":""I'm almost done — just 5 more minutes!"",""ko"":""거의 다 됐어요, 5분만요!""},{""en"":""Is it done? Almost!"",""ko"":""다 됐어요? 거의 다 됐어요!""}]"
177,"1335","eo-gada","46","-어 가다","gradually go on ~ing","[{""en"":""It's almost done."",""ko"":""거의 다 되어 가요.""},{""en"":""The day is breaking."",""ko"":""날이 밝아 가요.""},{""en"":""I'm slowly getting used to it."",""ko"":""조금씩 익숙해져 가요.""}]"
178,"906","seutail-joahaeyo","47","~스타일 좋아해요?","What music style do you ~?","[{""en"":""What style do you like?"",""ko"":""어떤 스타일 좋아해요?""},{""en"":""I like casual style!"",""ko"":""캐주얼 스타일 좋아해요!""},{""en"":""What style do you like? Let's pick together!"",""ko"":""어떤 스타일 좋아해요? 같이 고를게요!""}]"
179,"907","jal-eoullyeoyo","47","~잘 어울려요","That outfit suits you really ~!","[{""en"":""It really suits you!"",""ko"":""진짜 잘 어울려요!""},{""en"":""That color suits you!"",""ko"":""그 색 잘 어울려요!""},{""en"":""It suits you — buy it!"",""ko"":""잘 어울려요, 사세요!""}]"
180,"908","yojeum-yuhaengieyo","47","요즘 유행이에요","It's trendy these days.","[{""en"":""This style is trending these days!"",""ko"":""요즘 이 스타일 유행이에요!""},{""en"":""This café is trending these days!"",""ko"":""요즘 이 카페 유행이에요!""},{""en"":""This song is trending these days — do you know it?"",""ko"":""요즘 이 노래 유행이에요, 알아요?""}]"
181,"869","baedal-sikyeoyo","48","배달 시켜요","Let's order delivery.","[{""en"":""Let's order delivery today!"",""ko"":""오늘 배달 시켜요!""},{""en"":""Let's order chicken delivery!"",""ko"":""치킨 배달 시켜요!""},{""en"":""Let's order delivery — what should we get?"",""ko"":""배달 시켜요, 뭐 먹을까요?""}]"
182,"909","baedal-eolmana-geollyeoyo","48","배달 얼마나 걸려요?","How long does delivery take?","[{""en"":""How long does delivery take?"",""ko"":""배달 얼마나 걸려요?""},{""en"":""How long does delivery take to here?"",""ko"":""여기까지 배달 얼마나 걸려요?""},{""en"":""How long does delivery take? I hope it comes quickly!"",""ko"":""배달 얼마나 걸려요? 빨리 왔으면 좋겠어요!""}]"
183,"910","gaseongbi-joayo","48","가성비 좋아요","This restaurant is great value.","[{""en"":""This place is great value for money!"",""ko"":""여기 가성비 좋아요!""},{""en"":""This menu item is great value — I recommend it!"",""ko"":""이 메뉴 가성비 좋아요, 추천해요!""},{""en"":""Is it good value? Then let's go here!"",""ko"":""가성비 좋아요? 그럼 여기로 해요!""}]"
184,"1336","eo-nota","48","-어 놓다","do in advance and leave it","[{""en"":""I'll order it in advance."",""ko"":""미리 시켜 놓을게요.""},{""en"":""I left the window open."",""ko"":""창문을 열어 놓았어요.""},{""en"":""I've got all the ingredients ready."",""ko"":""재료를 다 준비해 놓았어요.""}]"
185,"911","yeohaeng-gyehoek-isseoyo","49","여행 계획 있어요?","Do you have any travel plans?","[{""en"":""Do you have any travel plans this summer?"",""ko"":""이번 여름에 여행 계획 있어요?""},{""en"":""I have plans to travel to Jeju Island!"",""ko"":""제주도 여행 계획 있어요!""},{""en"":""Do you have travel plans? Let's go together!"",""ko"":""여행 계획 있어요? 같이 가요!""}]"
186,"912","myeochirina-isseul-geoyeyo","49","며칠이나 있을 거예요?","How many days will you stay?","[{""en"":""How many days are you going to be in Jeju Island?"",""ko"":""제주도에 며칠이나 있을 거예요?""},{""en"":""How many days are you going to be in Korea?"",""ko"":""한국에 며칠이나 있을 거예요?""},{""en"":""How many days will you be there? Let's plan together!"",""ko"":""며칠이나 있을 거예요? 같이 계획 세워요!""}]"
187,"1358","eul-teni","49","-을 테니","I'll ~, so","[{""en"":""I'll do it, so don't worry."",""ko"":""제가 할 테니 걱정 마세요.""},{""en"":""I'll wait, so take your time."",""ko"":""기다릴 테니 천천히 오세요.""},{""en"":""I'll get it ready, so please wait a moment."",""ko"":""준비할 테니 조금만 기다려 주세요.""}]"
188,"1389","kkok-bwaya-hal-ge-mwoyeyo","49","꼭 봐야 할 게 뭐예요?","What's a must-see?","[{""en"":""What's a must-see in Jeju?"",""ko"":""제주도에서 꼭 봐야 할 게 뭐예요?""},{""en"":""What's a must-see in Seoul?"",""ko"":""서울에서 꼭 봐야 할 게 뭐예요?""},{""en"":""What's a must-see in this neighborhood?"",""ko"":""이 동네에서 꼭 봐야 할 게 뭐예요?""}]"
189,"914","hanguk-saenghwal-eottae","50","한국 생활 어때?","How's life in Korea?","[{""en"":""How is life in Korea? Have you adapted?"",""ko"":""한국 생활 어때? 적응됐어?""},{""en"":""How is life in Korea? Is there anything hard?"",""ko"":""한국 생활 어때? 힘든 점 없어?""},{""en"":""How is life in Korea? Is the food delicious?"",""ko"":""한국 생활 어때? 음식은 맛있어?""}]"
190,"915","ije-iksukaejyeosseo","50","이제 익숙해졌어","I'm used to it now.","[{""en"":""I've even gotten used to taking the subway now!"",""ko"":""이제 지하철 타는 것도 익숙해졌어!""},{""en"":""I've even gotten used to Korean food now!"",""ko"":""이제 한국 음식도 익숙해졌어!""},{""en"":""It was all unfamiliar at first, but now I'm used to everything!"",""ko"":""처음엔 낯설었는데 이제 다 익숙해졌어!""}]"
191,"1346","eojida","50","-어지다","become; get","[{""en"":""Korean has gotten easier."",""ko"":""한국어가 쉬워졌어요.""},{""en"":""The weather has gotten warm."",""ko"":""날씨가 따뜻해졌어요.""},{""en"":""We've gotten a lot closer."",""ko"":""많이 친해졌어요.""}]"
192,"1363","eulsurok","50","-을수록","the more ~, the more","[{""en"":""The more I eat, the better it tastes."",""ko"":""먹을수록 맛있어요.""},{""en"":""The more you practice, the better you get."",""ko"":""연습할수록 늘어요.""},{""en"":""The more I learn, the harder it gets."",""ko"":""알수록 어려워요.""}]"
193,"918","ryeogo-haeyo","51","~려고 해요","I'm planning to take a Korean exam next ~","[{""en"":""I'm planning to come to Korea next year."",""ko"":""내년에 한국에 오려고 해요.""},{""en"":""I'm planning to go on a trip this weekend!"",""ko"":""이번 주말에 여행 가려고 해요!""},{""en"":""I'm planning to learn Korean!"",""ko"":""한국어를 배우려고 해요!""}]"
194,"919","go-sipeoyo","51","~고 싶어요","I want to ~","[{""en"":""I want to eat samgyeopsal!"",""ko"":""삼겹살 먹고 싶어요!""},{""en"":""I want to go to the Han River."",""ko"":""한강에 가고 싶어요.""},{""en"":""I want to learn Korean!"",""ko"":""한국어 배우고 싶어요!""}]"
195,"1308","giro-hada","51","-기로 하다","decide to","[{""en"":""I decided to start exercising tomorrow."",""ko"":""내일부터 운동하기로 했어요.""},{""en"":""Let's agree to meet next week."",""ko"":""우리 다음 주에 만나기로 해요.""},{""en"":""I decided to cut back on coffee."",""ko"":""커피를 줄이기로 했어요.""}]"
196,"1355","eul-geoyeyo","51","-을 거예요","will; be going to","[{""en"":""I'll go tomorrow."",""ko"":""내일 갈 거예요.""},{""en"":""It'll probably rain."",""ko"":""아마 비가 올 거예요.""},{""en"":""I'm going to keep studying."",""ko"":""계속 공부할 거예요.""}]"
197,"920","giro-haesseoyo","52","~기로 했어요","I've decided to live in ~","[{""en"":""I've decided to work hard at Korean!"",""ko"":""한국어 열심히 하기로 했어요!""},{""en"":""I've decided to go on a diet."",""ko"":""다이어트 하기로 했어요.""},{""en"":""I've decided to exercise every day!"",""ko"":""매일 운동하기로 했어요!""}]"
198,"921","maeummeogeosseoyo","52","마음먹었어요","I've made up my mind.","[{""en"":""I've finally made up my mind — I'm going to try!"",""ko"":""드디어 마음먹었어요, 도전할 거예요!""},{""en"":""I've made up my mind — I won't give up!"",""ko"":""마음먹었어요, 포기 안 할 거예요!""},{""en"":""This time I've really made up my mind!"",""ko"":""이번엔 진짜 마음먹었어요!""}]"
199,"922","yejeonboda-neureosseoyo","52","예전보다 늘었어요","I've improved compared to before.","[{""en"":""My Korean has improved a lot compared to before!"",""ko"":""한국어가 예전보다 많이 늘었어요!""},{""en"":""My skills have improved compared to before — I'm happy!"",""ko"":""실력이 예전보다 늘었어요, 기뻐요!""},{""en"":""I've improved so much compared to when I started!"",""ko"":""처음보다 예전보다 늘었어요!""}]"
200,"1305","go-malda","52","-고 말다","end up ~ing (regrettably)","[{""en"":""I ended up crying."",""ko"":""결국 울고 말았어요.""},{""en"":""I ended up losing my wallet."",""ko"":""지갑을 잃어버리고 말았어요.""},{""en"":""This time I'll succeed no matter what."",""ko"":""이번엔 꼭 성공하고 말겠어요.""}]"
201,"924","bonikka","53","~보니까","Now that I've studied Korean, it's more fun than I ~","[{""en"":""As I kept studying, it became fun."",""ko"":""공부하다 보니까 재미있어졌어요.""},{""en"":""As I kept eating it, it stopped being spicy!"",""ko"":""먹다 보니까 맵지 않아요!""},{""en"":""As I kept doing it, it became natural."",""ko"":""하다 보니까 자연스러워졌어요.""}]"
202,"925","chucheonhaejwosseo","53","~추천해줬어","My friend recommended this restaurant. They say it's ~","[{""en"":""Jisu recommended this restaurant!"",""ko"":""지수가 이 식당 추천해줬어!""},{""en"":""My friend recommended this drama — it's really good!"",""ko"":""친구가 이 드라마 추천해줬어, 진짜 재미있어!""},{""en"":""My teacher recommended this book."",""ko"":""선생님이 이 책 추천해줬어.""}]"
203,"1327","deora","53","-더라","I saw; it was","[{""en"":""That cafe was really pretty."",""ko"":""그 카페 진짜 예쁘더라.""},{""en"":""It was easier than I thought."",""ko"":""생각보다 쉽더라.""},{""en"":""There were tons of people."",""ko"":""사람이 엄청 많더라.""}]"
204,"1330","deonde","53","-던데","I noticed, so...","[{""en"":""Someone was looking for you earlier."",""ko"":""아까 찾던데요.""},{""en"":""It was cold out — take a jacket."",""ko"":""밖에 춥던데 옷 챙기세요.""},{""en"":""It was good — give it a try."",""ko"":""맛있던데 한번 드셔 보세요.""}]"
205,"927","maja","54","~맞아?","This is Hongdae station, ~?","[{""en"":""Is this expression correct?"",""ko"":""이 표현 맞아?""},{""en"":""Is this pronunciation right?"",""ko"":""이 발음 맞아?""},{""en"":""Is this sentence correct? Teach me!"",""ko"":""이 문장 맞아? 가르쳐줘!""}]"
206,"1323","neunji","54","-는지","whether; what/how","[{""en"":""Do you know where it is?"",""ko"":""어디에 있는지 알아요?""},{""en"":""I don't know whether it's right."",""ko"":""맞는지 모르겠어요.""},{""en"":""I asked why that is."",""ko"":""왜 그런지 물어봤어요.""}]"
207,"1366","janha","54","-잖아","you know, right?","[{""en"":""I told you yesterday, remember?"",""ko"":""어제 말했잖아.""},{""en"":""We used to come here a lot."",""ko"":""여기 자주 왔잖아.""},{""en"":""You like it too, don't you?"",""ko"":""너도 좋아하잖아.""}]"
208,"929","mandeureobwasseo","55","~만들어봤어?","Have you ever tried making kimchi? Is it ~?","[{""en"":""Have you ever made kimchi jjigae?"",""ko"":""김치찌개 만들어봤어?""},{""en"":""Have you ever made bulgogi?"",""ko"":""불고기 만들어봤어?""},{""en"":""Have you ever made Korean food? How do you make it?"",""ko"":""한국 음식 만들어봤어? 어떻게 만들어?""}]"
209,"930","eolmana-neoeo","55","~얼마나 넣어?","How much sugar do you add? I think it'll be too ~","[{""en"":""How much green onion do you put in?"",""ko"":""파 얼마나 넣어?""},{""en"":""How much salt do you put in?"",""ko"":""소금 얼마나 넣어?""},{""en"":""How much sugar do you put in? I want it sweet."",""ko"":""설탕 얼마나 넣어? 달달하게 하고 싶어.""}]"
210,"931","hamyeon-dwae","55","~하면 돼","Just press this button. It's ~","[{""en"":""This is how you do it!"",""ko"":""이렇게 하면 돼!""},{""en"":""Just mix it!"",""ko"":""그냥 섞으면 돼!""},{""en"":""Just wait 5 minutes!"",""ko"":""5분 기다리면 돼!""}]"
211,"932","sal-geoyeyo","56","~살 거예요","I'm going to buy new sneakers ~","[{""en"":""I'm going to buy this outfit!"",""ko"":""이 옷 살 거예요!""},{""en"":""I'm going to buy Korean souvenirs!"",""ko"":""한국 기념품 살 거예요!""},{""en"":""What are you going to buy? Let's pick together!"",""ko"":""뭐 살 거예요? 같이 골라요!""}]"
212,"933","igeo-eottaeyo","56","이거 어때요?","How about this one?","[{""en"":""How about this menu? It looks delicious!"",""ko"":""이 메뉴 어때요? 맛있어 보여요!""},{""en"":""How about this color? Does it suit me?"",""ko"":""이 색 어때요? 잘 어울려요?""},{""en"":""How about this café? Does it have a nice atmosphere?"",""ko"":""이 카페 어때요? 분위기 좋아요?""}]"
213,"934","kadeuro-halgeyo","56","카드로 할게요","I'll pay by card.","[{""en"":""I'll pay by card!"",""ko"":""카드로 할게요!""},{""en"":""I'll pay with a credit card."",""ko"":""신용카드로 할게요.""},{""en"":""I'll pay by card — is that okay?"",""ko"":""카드로 할게요, 괜찮아요?""}]"
214,"1332","seumnikka","57","-습니까?","formal question ending","[{""en"":""Would you like to order?"",""ko"":""주문하시겠습니까?""},{""en"":""Where are you from?"",""ko"":""어디에서 오셨습니까?""},{""en"":""Is this time all right for you?"",""ko"":""시간 괜찮으십니까?""}]"
215,"937","batgo-sipeoyo","58","~받고 싶어요","I want to receive flowers for my ~","[{""en"":""I'd like to be examined."",""ko"":""진찰 받고 싶어요.""},{""en"":""I'd like to get a prescription."",""ko"":""처방전 받고 싶어요.""},{""en"":""I'd like to get advice from a doctor."",""ko"":""의사 선생님께 조언 받고 싶어요.""}]"
216,"938","eodiga-apayo","58","어디가 아파요?","Where does it hurt?","[{""en"":""Where does it hurt?"",""ko"":""어디가 아파요?""},{""en"":""Where does it hurt? Does it hurt a lot?"",""ko"":""어디가 아파요? 많이 아파요?""},{""en"":""Where does it hurt? Let's go to the hospital together."",""ko"":""어디가 아파요? 병원 같이 가요.""}]"
217,"939","eonjebuteo-apasseoyo","58","언제부터 아팠어요?","Since when has it been hurting?","[{""en"":""Since when have you been hurting?"",""ko"":""언제부터 아팠어요?""},{""en"":""Since when have you been coughing?"",""ko"":""언제부터 기침이 났어요?""},{""en"":""Since when have you had a fever?"",""ko"":""언제부터 열이 났어요?""}]"
218,"940","wa-bwasseoyo","59","~와 봤어요?","Have you been to Jeju Island ~?","[{""en"":""Have you been to a book café?"",""ko"":""독서 카페에 와 봤어요?""},{""en"":""Have you been to this neighborhood?"",""ko"":""이 동네에 와 봤어요?""},{""en"":""Have you been to Korea? Is this your first time?"",""ko"":""한국에 와 봤어요? 처음이에요?""}]"
219,"941","hagi-joayo","59","~하기 좋아요","This place is great for taking ~","[{""en"":""It's great for studying!"",""ko"":""공부하기 좋아요!""},{""en"":""It's great for taking a walk!"",""ko"":""산책하기 좋아요!""},{""en"":""It's great for taking photos!"",""ko"":""사진 찍기 좋아요!""}]"
220,"942","junge-mwoga-jeil-joayo","60","~중에 뭐가 제일 좋아요?","What's your favorite among Korean ~?","[{""en"":""Among Korean foods, which is your favorite?"",""ko"":""한국 음식 중에 뭐가 제일 좋아요?""},{""en"":""Among dramas, which is the most fun?"",""ko"":""드라마 중에 뭐가 제일 재미있어요?""},{""en"":""Among travel destinations, which do you like best?"",""ko"":""여행지 중에 어디가 제일 좋아요?""}]"
221,"943","raseo-jungdokseong-isseoyo","60","~라서 중독성 있어요","This song is addictive because the melody is so ~","[{""en"":""It's addictive because it's spicy!"",""ko"":""매워서 중독성 있어요!""},{""en"":""It's addictive because it's sweet."",""ko"":""달달해서 중독성 있어요.""},{""en"":""This song is addictive because of its melody!"",""ko"":""이 노래 멜로디 때문에 중독성 있어요!""}]"
222,"944","irang-dallayo","60","~이랑 달라요","It's different from my country. So ~","[{""en"":""Korean food is different from food in my country."",""ko"":""한국 음식이 우리나라 음식이랑 달라요.""},{""en"":""Korean culture is different from the culture in my country."",""ko"":""한국 문화가 제 나라 문화랑 달라요.""},{""en"":""These two expressions have different nuances."",""ko"":""이 두 표현이 뉘앙스가 달라요.""}]"
223,"1317","neun-daesine","60","-는 대신에","instead of; in return","[{""en"":""I ate bread instead of rice."",""ko"":""밥 대신에 빵을 먹었어요.""},{""en"":""Instead of going out, I rested at home."",""ko"":""나가는 대신에 집에서 쉬었어요.""},{""en"":""I'll help you — in return, buy me a coffee."",""ko"":""제가 도와드리는 대신에 커피 사 주세요.""}]"
224,"1021","soljikage-malhaedo-dwaeyo","61","솔직하게 말해도 돼요?","Can I be honest?","[{""en"":""Is it okay to speak honestly?"",""ko"":""솔직하게 말해도 돼요?""},{""en"":""Is it okay to speak honestly? I won't be hurt."",""ko"":""솔직하게 말해도 돼요? 상처받지 않을게요.""},{""en"":""Please speak honestly! I'm okay with it."",""ko"":""솔직하게 말해도 돼요! 저 괜찮아요.""}]"
225,"1314","neun-ge-anira","61","-는 게 아니라","it's not that ~, but","[{""en"":""It's not that I dislike it, it's just a bit much."",""ko"":""싫은 게 아니라 좀 부담스러워요.""},{""en"":""It's not that I can't — I just don't."",""ko"":""못하는 게 아니라 안 하는 거예요.""},{""en"":""I'm not angry, just tired."",""ko"":""화난 게 아니라 피곤한 거예요.""}]"
226,"1382","iran","61","~이란","what we call ~; as for","[{""en"":""What is happiness, anyway?"",""ko"":""행복이란 뭘까요?""},{""en"":""That's what friends are for."",""ko"":""친구란 그런 거예요.""},{""en"":""Korean is really interesting."",""ko"":""한국어란 참 재미있어요.""}]"
227,"775","eottaeyo","62","~어때요?","How is ~?","[{""en"":""How is this food?"",""ko"":""이 음식 어때요?""},{""en"":""How is this café?"",""ko"":""이 카페 어때요?""},{""en"":""How is life in Korea?"",""ko"":""한국 생활 어때요?""}]"
228,"948","ttaemune-bappayo","62","~때문에 바빠요","I'm busy because of exams. I'll contact you ~","[{""en"":""I'm busy because of exams."",""ko"":""시험 때문에 바빠요.""},{""en"":""I'm busy because of work."",""ko"":""일 때문에 바빠요.""},{""en"":""I've been so busy lately because of everything!"",""ko"":""요즘 너무 때문에 바빠요!""}]"
229,"949","murihaji-maseyo","62","무리하지 마세요","Don't push yourself too hard.","[{""en"":""Please don't push yourself too hard!"",""ko"":""너무 무리하지 마세요!""},{""en"":""Please don't overdo it — think about your health."",""ko"":""몸 생각해서 무리하지 마세요.""},{""en"":""Don't push yourself — take it slow!"",""ko"":""무리하지 마세요, 천천히 해요!""}]"
230,"950","mani-hae","63","~많이 해?","Do you exercise a lot? You look ~","[{""en"":""Do you exercise a lot?"",""ko"":""운동 많이 해?""},{""en"":""Do you watch a lot of dramas?"",""ko"":""드라마 많이 봐?""},{""en"":""Do you study Korean a lot? That's amazing!"",""ko"":""한국어 공부 많이 해? 대단해!""}]"
231,"951","yuhaengiya","63","~유행이야?","Is this style trendy these ~?","[{""en"":""Is this style trending these days?"",""ko"":""이 스타일 요즘 유행이야?""},{""en"":""Is this song trending these days?"",""ko"":""이 노래 요즘 유행이야?""},{""en"":""What's trending these days? Tell me!"",""ko"":""요즘 뭐가 유행이야? 알려줘!""}]"
232,"952","ollyeotdeoni","63","~올렸더니","After I posted the photo, I got a lot of ~","[{""en"":""I posted a photo and the response was great!"",""ko"":""사진 올렸더니 반응이 좋아!""},{""en"":""I played this song and everyone loved it!"",""ko"":""이 노래 틀었더니 다들 좋아해!""},{""en"":""I tried it and it was easier than I thought!"",""ko"":""도전했더니 생각보다 쉬웠어!""}]"
233,"953","dojeonhaeyo","64","~도전해요","I'm going to take on cooking this ~","[{""en"":""I'm going to try making bulgogi today!"",""ko"":""오늘 불고기 도전해요!""},{""en"":""I'm going to try a new hobby!"",""ko"":""새로운 취미에 도전해요!""},{""en"":""It's hard, but I'm going to try!"",""ko"":""어렵지만 도전해요!""}]"
234,"954","jaeryoga-isseoyo","64","재료가 있어요?","Do you have the ingredients?","[{""en"":""Do you have the ingredients for kimchi jjigae?"",""ko"":""김치찌개 재료가 있어요?""},{""en"":""Do you have all the ingredients for the cake?"",""ko"":""케이크 재료가 다 있어요?""},{""en"":""We don't have the ingredients — what should we do?"",""ko"":""재료가 없어요, 어떡해요?""}]"
235,"955","daeumen-deo-jalhal-geoyeyo","64","다음엔 더 잘할 거예요","I'll do better next time.","[{""en"":""I made mistakes today, but I'll do better next time!"",""ko"":""오늘은 실수했지만 다음엔 더 잘할 거예요!""},{""en"":""I'll do better next time — I won't give up!"",""ko"":""다음엔 더 잘할 거예요, 포기 안 할게요!""},{""en"":""This time was disappointing, but I'll do better next time."",""ko"":""이번엔 아쉬웠지만 다음엔 더 잘할 거예요.""}]"
236,"1339","eo-beorida","64","-어 버리다","end up completely ~ing","[{""en"":""I ate it all up."",""ko"":""다 먹어 버렸어요.""},{""en"":""I burned it."",""ko"":""태워 버렸어요.""},{""en"":""I forgot."",""ko"":""잊어버렸어요.""}]"
237,"956","rutin-isseoyo","65","~루틴 있어요?","Do you have a morning routine? How do you start your ~?","[{""en"":""Do you have a morning skincare routine?"",""ko"":""아침 스킨케어 루틴 있어요?""},{""en"":""Do you have an exercise routine?"",""ko"":""운동 루틴 있어요?""},{""en"":""Do you have a study routine? Tell me!"",""ko"":""공부 루틴 있어요? 알려줘요!""}]"
238,"957","hago-naseo","65","~하고 나서","Let's take a walk after ~","[{""en"":""I apply cream after putting on serum."",""ko"":""세럼 바르고 나서 크림 발라요.""},{""en"":""I go for a walk after eating."",""ko"":""밥 먹고 나서 산책해요.""},{""en"":""I do skincare after showering!"",""ko"":""샤워하고 나서 스킨케어 해요!""}]"
239,"958","kkok-haeya-haeyo","65","꼭 ~해야 해요","꼭 ~","[{""en"":""You absolutely have to do it in order!"",""ko"":""꼭 순서대로 해야 해요!""},{""en"":""You absolutely have to make a reservation — it's very popular!"",""ko"":""꼭 예약해야 해요, 인기 많아요!""},{""en"":""You absolutely have to try it — it's so delicious!"",""ko"":""꼭 먹어봐야 해요, 너무 맛있어요!""}]"
240,"1352","eun-daeume","65","-은 다음에","after doing","[{""en"":""After washing my face, I put on lotion."",""ko"":""세수한 다음에 로션을 발라요.""},{""en"":""I'll go after I eat."",""ko"":""밥 먹은 다음에 갈게요.""},{""en"":""I'll let you know after checking."",""ko"":""확인한 다음에 알려드릴게요.""}]"
241,"959","mani-neureosseoyo","66","많이 늘었어요","You've improved a lot.","[{""en"":""My Korean has improved so much!"",""ko"":""한국어 진짜 많이 늘었어요!""},{""en"":""My skills have improved a lot — I'm happy!"",""ko"":""실력이 많이 늘었어요, 기뻐요!""},{""en"":""Have I improved a lot? I feel that way too!"",""ko"":""많이 늘었어요? 저도 그렇게 느껴요!""}]"
242,"960","bigyeori-mwoyeyo","66","비결이 뭐예요?","What's your secret?","[{""en"":""What's the secret to being good at Korean?"",""ko"":""한국어 잘하는 비결이 뭐예요?""},{""en"":""What's the secret to having good skin?"",""ko"":""피부 좋은 비결이 뭐예요?""},{""en"":""What's the secret? Tell me too!"",""ko"":""비결이 뭐예요? 저도 알려줘요!""}]"
243,"961","i-hetgallyeoyo","66","~이 헷갈려요","Formal and informal speech are still confusing to ~","[{""en"":""I get confused between formal and informal speech!"",""ko"":""존댓말이랑 반말이 헷갈려요!""},{""en"":""I get confused by the pronunciation of these two words."",""ko"":""이 두 단어 발음이 헷갈려요.""},{""en"":""I get confused between Sino-Korean and native Korean words."",""ko"":""한자어랑 순우리말이 헷갈려요.""}]"
244,"1359","eul-tende","67","-을 텐데","it would/must be ~, but","[{""en"":""It must be hard — are you okay?"",""ko"":""힘들 텐데 괜찮아요?""},{""en"":""Thank you for coming though you must be busy."",""ko"":""바쁘실 텐데 와 주셔서 감사해요.""},{""en"":""It'll be cold — take a jacket."",""ko"":""추울 텐데 옷 챙기세요.""}]"
245,"965","seounhaesseoyo","68","서운했어요","I felt hurt.","[{""en"":""I felt hurt — I'll be honest with you."",""ko"":""서운했어요, 솔직히 말할게요.""},{""en"":""I felt a little hurt, but I understand."",""ko"":""조금 서운했어요, 그래도 이해해요.""},{""en"":""You felt hurt? I'm sorry — I didn't know!"",""ko"":""서운했어요? 미안해요, 몰랐어요!""}]"
246,"1319","neun-jul-aratda","68","-는 줄 알았다","thought that ~ (but was wrong)","[{""en"":""I thought it was today."",""ko"":""오늘인 줄 알았어요.""},{""en"":""I thought you were angry."",""ko"":""화난 줄 알았어요.""},{""en"":""I thought you were Korean."",""ko"":""한국 사람인 줄 알았어요.""}]"
247,"968","kkumi-mwoyeyo","69","꿈이 뭐예요?","What's your dream?","[{""en"":""What's your dream? Mine is to be an interpreter!"",""ko"":""꿈이 뭐예요? 저는 통역사예요!""},{""en"":""What's your dream? Let's talk about it!"",""ko"":""꿈이 뭐예요? 같이 이야기해요!""},{""en"":""What was your dream when you were young?"",""ko"":""어릴 때 꿈이 뭐예요?""}]"
248,"969","ga-doego-sipeoyo","69","~가 되고 싶어요","I want to become a Korean ~","[{""en"":""I want to become an interpreter!"",""ko"":""통역사가 되고 싶어요!""},{""en"":""I want to become a teacher."",""ko"":""선생님이 되고 싶어요.""},{""en"":""I want to live in Korea!"",""ko"":""한국에서 살고 싶어요!""}]"
249,"970","pogihago-sipeoyo","69","포기하고 싶어요","I want to give up.","[{""en"":""Sometimes I want to give up — it's so hard."",""ko"":""가끔 포기하고 싶어요, 너무 어려워요.""},{""en"":""Do you want to give up? Just try a little more!"",""ko"":""포기하고 싶어요? 그래도 조금만 더 해봐요!""},{""en"":""It's natural to want to give up when it's hard — but keep trying!"",""ko"":""힘들면 포기하고 싶은 게 당연해요, 그래도 해봐요!""}]"
250,"1345","eoyagetda","70","-어야겠다","I should; I'd better","[{""en"":""I should go to bed now."",""ko"":""이제 자야겠어요.""},{""en"":""I'd better pay more attention."",""ko"":""좀 더 신경 써야겠어요.""},{""en"":""I should start exercising tomorrow."",""ko"":""내일부터 운동해야겠어요.""}]"
251,"977","ttak-i-neukkimieyo","71","딱 이 느낌이에요","This is exactly the feeling.","[{""en"":""This is exactly the feeling — I can't put it into words!"",""ko"":""딱 이 느낌이에요, 말로 못 해요!""},{""en"":""This is exactly the feeling — you know, right?"",""ko"":""딱 이 느낌이에요, 알죠?""},{""en"":""This is exactly the atmosphere — the kind I love!"",""ko"":""딱 이 분위기예요, 제가 좋아하는!""}]"
252,"1356","eul-ttaemada","71","-을 때마다","every time","[{""en"":""Every time I come here, I feel good."",""ko"":""여기 올 때마다 기분이 좋아요.""},{""en"":""Every time I hear this song, I think of it."",""ko"":""이 노래를 들을 때마다 생각나요.""},{""en"":""It looks pretty every time I see it."",""ko"":""볼 때마다 예뻐요.""}]"
253,"1306","goseo","72","-고서","after doing","[{""en"":""I went out after eating."",""ko"":""밥을 먹고서 나갔어요.""},{""en"":""I got angry after hearing that."",""ko"":""그 말을 듣고서 화가 났어요.""},{""en"":""I felt better after apologizing."",""ko"":""사과하고서 마음이 편해졌어요.""}]"
254,"981","hapgyeokaesseoyo","73","합격했어요","I passed.","[{""en"":""I finally passed!"",""ko"":""드디어 합격했어요!""},{""en"":""I passed the exam — I'm so happy!"",""ko"":""시험에 합격했어요, 너무 기뻐요!""},{""en"":""You passed? Congratulations!"",""ko"":""합격했어요? 축하해요!""}]"
255,"982","deudieo-haenaesseoyo","73","드디어 해냈어요","I finally did it.","[{""en"":""I finally did it!"",""ko"":""드디어 해냈어요!""},{""en"":""It took a year, but I finally did it!"",""ko"":""1년이 걸렸는데 드디어 해냈어요!""},{""en"":""I finally did it — I'm glad I didn't give up!"",""ko"":""드디어 해냈어요, 포기 안 하길 잘했어요!""}]"
256,"1309","gie","73","-기에","since; because","[{""en"":""Since the weather was nice, I took a walk."",""ko"":""날씨가 좋기에 산책했어요.""},{""en"":""It looked good, so I bought it."",""ko"":""맛있어 보이기에 샀어요.""},{""en"":""I took a taxi since I had no time."",""ko"":""시간이 없기에 택시를 탔어요.""}]"
257,"1357","eul-subakke-eopda","73","-을 수밖에 없다","have no choice but to","[{""en"":""I had no choice but to wait."",""ko"":""기다릴 수밖에 없었어요.""},{""en"":""With this taste, you have to queue."",""ko"":""이 맛이면 줄 설 수밖에 없어요.""},{""en"":""Of course you'd be upset."",""ko"":""속상할 수밖에 없죠.""}]"
258,"984","meogeobwa","74","~먹어봐","Try this. It's really ~","[{""en"":""Try this food — it's really delicious!"",""ko"":""이 음식 먹어봐, 진짜 맛있어!""},{""en"":""Watch this drama — it's totally fun!"",""ko"":""이 드라마 봐봐, 완전 재미있어!""},{""en"":""Go to this café — the atmosphere is amazing!"",""ko"":""이 카페 가봐, 분위기 짱이야!""}]"
259,"985","saenggakboda-hwolssin-hae","74","생각보다 훨씬 ~해","생각보다 훨씬 ~","[{""en"":""It's way tastier than I expected!"",""ko"":""생각보다 훨씬 맛있어!""},{""en"":""It's way harder than I expected!"",""ko"":""생각보다 훨씬 어렵네!""},{""en"":""It came way faster than I expected!"",""ko"":""생각보다 훨씬 빨리 왔어!""}]"
260,"986","jungdokseong-isseo","74","중독성 있어","It's addictive.","[{""en"":""This song is totally addictive!"",""ko"":""이 노래 완전 중독성 있어!""},{""en"":""This tteokbokki is addictive — I keep wanting more!"",""ko"":""이 떡볶이 중독성 있어, 계속 먹고 싶어!""},{""en"":""This drama is addictive — I watched it all night!"",""ko"":""이 드라마 중독성 있어, 밤새 봤어!""}]"
261,"987","haengbokaeyo","75","행복해요","I'm happy.","[{""en"":""I'm really happy today!"",""ko"":""오늘 진짜 행복해요!""},{""en"":""I'm happy to be in Korea!"",""ko"":""한국에 있어서 행복해요!""},{""en"":""I'm happy because of all of you!"",""ko"":""여러분 덕분에 행복해요!""}]"
262,"988","haneun-ge-joayo","75","~하는 게 좋아요","I like listening to ~","[{""en"":""I like studying at a café!"",""ko"":""카페에서 공부하는 게 좋아요!""},{""en"":""I like eating with friends."",""ko"":""친구들이랑 밥 먹는 게 좋아요.""},{""en"":""I like studying Korean!"",""ko"":""한국어 공부하는 게 좋아요!""}]"
263,"989","ireon-ilsangi-sojunghaeyo","75","이런 일상이 소중해요","These ordinary days are precious.","[{""en"":""I treasure this everyday life!"",""ko"":""이런 일상이 소중해요!""},{""en"":""I treasure moments like this with friends."",""ko"":""친구들과 이런 시간이 소중해요.""},{""en"":""I treasure this ordinary everyday life!"",""ko"":""이런 평범한 일상이 소중해요!""}]"
264,"992","da-gachi-moinikka-joayo","77","다 같이 모이니까 좋아요","It's great having everyone together.","[{""en"":""I'm so happy that we're all together!"",""ko"":""다 같이 모이니까 너무 좋아요!""},{""en"":""It's wonderful that the whole family is together."",""ko"":""가족이 다 같이 모이니까 좋아요.""},{""en"":""It's wonderful to all be together after so long!"",""ko"":""오랜만에 다 같이 모이니까 좋아요!""}]"
265,"993","cheoeum-mannasseul-ttae","77","처음 만났을 때","when we first met","[{""en"":""I was so nervous when we first met!"",""ko"":""처음 만났을 때 많이 떨렸어요!""},{""en"":""When we first met, my Korean wasn't very good."",""ko"":""처음 만났을 때 한국어 잘 못했어요.""},{""en"":""Do you remember when we first met?"",""ko"":""처음 만났을 때 기억해요?""}]"
266,"994","yeoreobun-deokbunieyo","77","여러분 덕분이에요","It's all thanks to you.","[{""en"":""It's all thanks to all of you — I'm truly grateful!"",""ko"":""여러분 덕분이에요, 진짜 감사해요!""},{""en"":""It's thanks to all of you — I was so happy!"",""ko"":""여러분 덕분이에요, 행복했어요!""},{""en"":""It's all thanks to every one of you!"",""ko"":""다 여러분 덕분이에요!""}]"
267,"1369","kke","77","~께","to (honorific)","[{""en"":""I gave it to my teacher."",""ko"":""선생님께 드렸어요.""},{""en"":""I wrote a letter to my parents."",""ko"":""부모님께 편지를 썼어요.""},{""en"":""I'll tell the boss."",""ko"":""사장님께 말씀드릴게요.""}]"
268,"996","eolmana-isseul-geoyeyo","78","얼마나 있을 거예요?","How long will you stay?","[{""en"":""How long are you going to be in Korea?"",""ko"":""한국에 얼마나 있을 거예요?""},{""en"":""How long are you going to stay on this trip?"",""ko"":""이번 여행에 얼마나 있을 거예요?""},{""en"":""How long are you going to be in Seoul? Let's spend time together!"",""ko"":""서울에 얼마나 있을 거예요? 같이 시간 보내요!""}]"
269,"1307","gi-wihae","78","-기 위해","in order to","[{""en"":""I came in order to learn Korean."",""ko"":""한국어를 배우기 위해 왔어요.""},{""en"":""I walk every day for my health."",""ko"":""건강을 위해 매일 걸어요.""},{""en"":""I'm working hard to achieve my dream."",""ko"":""꿈을 이루기 위해 노력하고 있어요.""}]"
270,"998","jul-seoya-haeyo","79","줄 서야 해요","You have to wait in line.","[{""en"":""You have to wait in line — it's very popular!"",""ko"":""줄 서야 해요, 인기 많아요!""},{""en"":""You have to wait in line here, but it's worth it!"",""ko"":""여기 줄 서야 해요, 그래도 기다릴 만해요!""},{""en"":""Do we have to wait in line? How long?"",""ko"":""줄 서야 해요? 얼마나 기다려요?""}]"
271,"1310","na-boda","79","-나 보다","seem to; must be","[{""en"":""There must be a lot of people."",""ko"":""사람이 많나 봐요.""},{""en"":""It seems to be raining outside."",""ko"":""밖에 비가 오나 봐요.""},{""en"":""That shop must be famous."",""ko"":""저 가게가 유명한가 봐요.""}]"
272,"1315","neun-gime","79","-는 김에","while I'm at it","[{""en"":""While I'm out, I'll grab some milk."",""ko"":""나가는 김에 우유 좀 사 올게요.""},{""en"":""Since you're here, let's have some tea."",""ko"":""온 김에 차 한잔해요.""},{""en"":""While cleaning, I organized too."",""ko"":""청소하는 김에 정리도 했어요.""}]"
273,"1303","ge-doeda","80","-게 되다","end up ~ing; come to","[{""en"":""I ended up living in Korea."",""ko"":""한국에 살게 됐어요.""},{""en"":""I've come to like spicy food."",""ko"":""매운 음식을 좋아하게 됐어요.""},{""en"":""We happened to meet."",""ko"":""우연히 만나게 됐어요.""}]"
274,"1322","neundamyeonseo","81","-는다면서?","I heard that ~, right?","[{""en"":""I heard you're learning Korean?"",""ko"":""한국어 배운다면서요?""},{""en"":""I heard you're going next week?"",""ko"":""다음 주에 간다면서?""},{""en"":""I heard that movie is good?"",""ko"":""그 영화 재미있다면서요?""}]"
275,"1326","deogun","81","-더군","I noticed that","[{""en"":""It was bigger than I expected."",""ko"":""생각보다 넓더군요.""},{""en"":""Korean food was spicy, I found."",""ko"":""한국 음식이 맵더군요.""},{""en"":""There really were a lot of people."",""ko"":""사람이 정말 많더군요.""}]"
276,"1007","ge-dwaesseoyo","82","~게 됐어요","I ended up living in ~","[{""en"":""I ended up living in Korea!"",""ko"":""한국에 살게 됐어요!""},{""en"":""I ended up making friends!"",""ko"":""친구가 생기게 됐어요!""},{""en"":""I ended up becoming good at Korean!"",""ko"":""한국어를 잘하게 됐어요!""}]"
277,"1008","da-bonikka","82","~다 보니까","As I kept practicing every day, my skills ~","[{""en"":""As I kept studying, it became fun."",""ko"":""공부하다 보니까 재미있어졌어요.""},{""en"":""As I kept eating it, it stopped being spicy."",""ko"":""먹다 보니까 맵지 않아요.""},{""en"":""As I kept living here, Korea became my second home."",""ko"":""살다 보니까 한국이 제2의 고향이 됐어요.""}]"
278,"1009","hada-bomyeon","82","~하다 보면","If you keep practicing, you'll get ~","[{""en"":""If you keep practicing, you'll improve!"",""ko"":""연습하다 보면 늘어요!""},{""en"":""If you keep doing it, you'll get used to it."",""ko"":""하다 보면 익숙해져요.""},{""en"":""If you keep living here, you'll adapt!"",""ko"":""살다 보면 적응돼요!""}]"
279,"947","eungeunhi-hae","83","은근히 ~해","은근히 ~","[{""en"":""It's surprisingly good!"",""ko"":""은근히 맛있어!""},{""en"":""It's surprisingly difficult!"",""ko"":""은근히 어렵네!""},{""en"":""It's surprisingly fun!"",""ko"":""은근히 재미있어!""}]"
280,"1010","han-geotchigoneun","83","~한 것치고는","For a first attempt, you did really ~","[{""en"":""Your pronunciation is great for someone who learned Korean!"",""ko"":""한국어 배운 것치고는 발음이 좋아요!""},{""en"":""You did well for the first time trying it!"",""ko"":""처음 해본 것치고는 잘했어요!""},{""en"":""You're incredibly natural for a foreigner!"",""ko"":""외국인인 것치고는 너무 자연스러워요!""}]"
281,"1011","amuri-geuraedo","83","아무리 그래도","Even so, ~","[{""en"":""No matter what, you can't give up!"",""ko"":""아무리 그래도 포기하면 안 돼요!""},{""en"":""No matter how busy you are, you have to eat."",""ko"":""아무리 바빠도 밥은 먹어야 해요.""},{""en"":""Even so, I don't think this is right."",""ko"":""아무리 그래도 이건 아닌 것 같아요.""}]"
282,"1320","neun-pyeonida","83","-는 편이다","tend to be; rather","[{""en"":""I'm on the quiet side."",""ko"":""저는 조용한 편이에요.""},{""en"":""I'm pretty good with spicy food."",""ko"":""매운 음식을 잘 먹는 편이에요.""},{""en"":""This shop is relatively cheap."",""ko"":""이 가게는 싼 편이에요.""}]"
283,"1012","jal-moreugenneundeyo","84","잘 모르겠는데요","I'm not really sure.","[{""en"":""I'm not sure — let me think about it a bit more."",""ko"":""잘 모르겠는데요, 좀 더 생각해볼게요.""},{""en"":""I'm not sure — let me look into it and let you know."",""ko"":""잘 모르겠는데요, 알아보고 알려줄게요.""},{""en"":""I'm not sure — what do you think?"",""ko"":""잘 모르겠는데요, 어떻게 생각해요?""}]"
284,"1013","deo-saenggakae-bwayagesseo","84","좀 더 생각해 봐야겠어요","I can't decide right now.","[{""en"":""I need to think about it a bit more."",""ko"":""좀 더 생각해 봐야겠어요.""},{""en"":""I need to think about it a bit more — please wait."",""ko"":""좀 더 생각해 봐야겠어요, 기다려줘요.""},{""en"":""I need to think about it a bit more before deciding."",""ko"":""결정하기 전에 좀 더 생각해 봐야겠어요.""}]"
285,"1014","ildaneun-haeyo","84","일단은 ~해요","일단은 ~","[{""en"":""For now, let's try doing it this way!"",""ko"":""일단은 이렇게 해봐요!""},{""en"":""For now, let's just start!"",""ko"":""일단은 시작해봐요!""},{""en"":""For now, try a taste — if it's good, we'll buy it!"",""ko"":""일단은 먹어봐요, 맛있으면 사요!""}]"
286,"1015","nunchichaesseoyo","85","눈치챘어요?","Did you notice?","[{""en"":""You noticed? You're very perceptive!"",""ko"":""눈치챘어요? 눈치 빠르네요!""},{""en"":""I already noticed!"",""ko"":""이미 눈치챘어요!""},{""en"":""You noticed? How did you know?"",""ko"":""눈치챘어요? 어떻게 알았어요?""}]"
287,"1016","gami-japyeoyo","85","감이 잡혀요","I'm getting the hang of it.","[{""en"":""Now I'm starting to get the hang of it!"",""ko"":""이제 감이 잡혀요!""},{""en"":""I'm gradually getting the hang of it."",""ko"":""조금씩 감이 잡혀요.""},{""en"":""You're getting the hang of it? You're doing great!"",""ko"":""감이 잡혀요? 잘하고 있어요!""}]"
288,"1017","ttak-bwado-algesseoyo","85","딱 봐도 알겠어요","I can tell just by looking.","[{""en"":""I can tell just by looking — it looks so delicious!"",""ko"":""딱 봐도 알겠어요, 너무 맛있어 보여요!""},{""en"":""I can tell just by looking — your expression says it all!"",""ko"":""딱 봐도 알겠어요, 그 표정이 다 말해줘요!""},{""en"":""I can tell just by looking — you look truly happy!"",""ko"":""딱 봐도 알겠어요, 진짜 행복해 보여요!""}]"
289,"1385","keonyeong","86","~커녕","let alone; far from","[{""en"":""Far from traveling, I don't even have time to rest."",""ko"":""여행은커녕 쉴 시간도 없어요.""},{""en"":""Instead of praise, I got scolded."",""ko"":""칭찬은커녕 혼났어요.""},{""en"":""I couldn't even drink water, let alone eat."",""ko"":""밥은커녕 물도 못 마셨어요.""}]"
290,"1020","budamseureowoyo","87","부담스러워요","It feels like a burden.","[{""en"":""This is a bit burdensome."",""ko"":""이게 좀 부담스러워요.""},{""en"":""The gift is so expensive that I feel burdened."",""ko"":""선물이 너무 비싸서 부담스러워요.""},{""en"":""Do you feel burdened? It's okay — feel comfortable!"",""ko"":""부담스러워요? 괜찮아요, 편하게 해요!""}]"
291,"1022","ije-mani-pyeonhaejyeosseo","87","이제 많이 편해졌어요","I've gotten much more comfortable now.","[{""en"":""I've become much more comfortable now!"",""ko"":""이제 많이 편해졌어요!""},{""en"":""It was awkward at first, but now I'm much more comfortable."",""ko"":""처음엔 어색했는데 이제 많이 편해졌어요.""},{""en"":""I've become so much more comfortable now — thank you!"",""ko"":""이제 많이 편해졌어요, 감사해요!""}]"
292,"1329","deon","87","-던","used to; that I was ~ing","[{""en"":""It's a cafe I used to go to often."",""ko"":""자주 가던 카페예요.""},{""en"":""Please finish what you were eating."",""ko"":""먹던 거 마저 드세요.""},{""en"":""It's the neighborhood I used to live in."",""ko"":""예전에 살던 동네예요.""}]"
293,"1023","oegugin-ti-nayo","88","외국인 티 나요?","Can you tell I'm a foreigner?","[{""en"":""Do I look like a foreigner?"",""ko"":""저 외국인 티 나요?""},{""en"":""Does my pronunciation give me away as a foreigner?"",""ko"":""발음에서 외국인 티 나요?""},{""en"":""I don't look like a foreigner? Really?"",""ko"":""외국인 티 안 나요? 진짜요?""}]"
294,"1024","ije-hangungmari-pyeonhaeyo","88","이제 한국말이 편해요","Korean feels comfortable now.","[{""en"":""Korean feels really comfortable now!"",""ko"":""이제 한국말이 정말 편해요!""},{""en"":""Korean feels comfortable now — I even dream in Korean!"",""ko"":""이제 한국말이 편해요, 꿈도 한국어로 꿔요!""},{""en"":""Korean feels comfortable now? That's amazing!"",""ko"":""이제 한국말이 편해요? 대단해요!""}]"
295,"1025","hangugeoro-kkumdo-kkwoyo","88","한국어로 꿈도 꿔요","I even dream in Korean.","[{""en"":""I even dream in Korean!"",""ko"":""한국어로 꿈도 꿔요!""},{""en"":""I had a dream in Korean — it's amazing!"",""ko"":""한국어로 꿈을 꿨어요, 신기해요!""},{""en"":""You're even dreaming in Korean? You've really improved!"",""ko"":""한국어로 꿈도 꾼다고요? 완전 늘었네요!""}]"
296,"1026","rokeori-joa","89","관광지보다 로컬이 좋아","I prefer local spots to tourist spots.","[{""en"":""I prefer local cafés over tourist spots!"",""ko"":""관광지보다 로컬 카페가 좋아!""},{""en"":""Local restaurants are tastier than tourist spots!"",""ko"":""관광지보다 로컬 맛집이 더 맛있어!""},{""en"":""I prefer local over tourist spots — it feels more authentic!"",""ko"":""관광지보다 로컬이 좋아, 진짜 느낌 나잖아!""}]"
297,"1027","hyeonjiindeuri-ganeun","89","현지인들이 가는 곳이야","It's a place locals go.","[{""en"":""This is a place where locals go!"",""ko"":""여기 현지인들이 가는 곳이야!""},{""en"":""This is a café locals go to — it's really good!"",""ko"":""현지인들이 가는 카페야, 진짜 맛있어!""},{""en"":""This is where locals go — tourists don't usually know about it!"",""ko"":""현지인들이 가는 곳이야, 관광객은 잘 몰라!""}]"
298,"1028","sumgyeojin-myeongsoya","89","숨겨진 명소야","It's a hidden gem.","[{""en"":""This is a hidden gem — did you know?"",""ko"":""여기 숨겨진 명소야, 알아?""},{""en"":""There's a hidden gem like this in Seoul!"",""ko"":""서울에 이런 숨겨진 명소가 있어!""},{""en"":""It's a hidden gem — let's keep it to ourselves!"",""ko"":""숨겨진 명소야, 우리만 알자!""}]"
299,"1029","yojeum-hataeyo","90","요즘 핫해요","It's hot right now.","[{""en"":""This café is really hot right now!"",""ko"":""이 카페 요즘 진짜 핫해요!""},{""en"":""This drama is really hot right now — have you seen it?"",""ko"":""이 드라마 요즘 핫해요, 봤어요?""},{""en"":""It's hot right now? I should go check it out!"",""ko"":""요즘 핫해요? 저도 가봐야겠어요!""}]"
300,"1030","wanjeon-daeseyeyo","90","완전 대세예요","It's totally the trend.","[{""en"":""This style is totally on trend!"",""ko"":""이 스타일 완전 대세예요!""},{""en"":""This color is totally on trend these days!"",""ko"":""요즘 이 색 완전 대세예요!""},{""en"":""It's totally on trend — try it!"",""ko"":""완전 대세예요, 따라 해봐요!""}]"
301,"1031","tteooreuneun-jungieyo","90","떠오르는 중이에요","It's on the rise.","[{""en"":""This artist is rising in popularity these days!"",""ko"":""이 아티스트 요즘 뜨고 있어요!""},{""en"":""This neighborhood is rising in popularity these days!"",""ko"":""이 동네 요즘 뜨고 있어요!""},{""en"":""It's rising in popularity? I'm interested too!"",""ko"":""뜨고 있어요? 저도 관심 있어요!""}]"
302,"1313","neun-geot-gatgido","91","-는 것 같기도","kind of seems like","[{""en"":""It kind of seems right."",""ko"":""맞는 것 같기도 해요.""},{""en"":""It also seems a little difficult."",""ko"":""좀 어려운 것 같기도 하고요.""},{""en"":""It might be fine, but I'm not sure."",""ko"":""괜찮은 것 같기도 한데 잘 모르겠어요.""}]"
303,"1381","inama","91","~이나마","even if only; at least","[{""en"":""I rested, if only briefly."",""ko"":""잠깐이나마 쉬었어요.""},{""en"":""I want to help, even if only a little."",""ko"":""작은 도움이나마 되고 싶어요.""},{""en"":""Please take this, small as it is."",""ko"":""이거나마 받아 주세요.""}]"
304,"1034","mari-doeneyo","92","말이 되네요","That makes sense.","[{""en"":""This logic makes sense!"",""ko"":""이 논리 말이 되네요!""},{""en"":""What you said makes sense — you're right!"",""ko"":""그 말 말이 되네요, 맞아요!""},{""en"":""That makes sense — that should work!"",""ko"":""말이 되네요, 그렇게 하면 되겠어요!""}]"
305,"1035","apdwiga-an-majayo","92","앞뒤가 안 맞아요","It doesn't add up.","[{""en"":""This sentence doesn't make sense."",""ko"":""이 문장 앞뒤가 안 맞아요.""},{""en"":""It doesn't make sense — please explain again."",""ko"":""앞뒤가 안 맞아요, 다시 설명해줘요.""},{""en"":""What you said doesn't make sense!"",""ko"":""그 말 앞뒤가 안 맞아요!""}]"
306,"1036","gyeolgugen","92","결국엔 ~","In the end, ~","[{""en"":""In the end, everything worked out!"",""ko"":""결국엔 다 잘 됐어요!""},{""en"":""In the end, I'm glad I didn't give up."",""ko"":""결국엔 포기하지 않길 잘했어요.""},{""en"":""In the end, being happy is the most important thing!"",""ko"":""결국엔 행복한 게 제일 중요해요!""}]"
307,"967","malhago-nanikka","93","말하고 나니까 후련해요","I feel relieved now that I've said it.","[{""en"":""I feel so relieved after talking about it!"",""ko"":""말하고 나니까 후련해요!""},{""en"":""I feel relieved after being honest."",""ko"":""솔직하게 말하고 나니까 후련해요.""},{""en"":""I feel relieved after letting it all out!"",""ko"":""다 털어놓고 나니까 후련해요!""}]"
308,"1037","soksanghaesseoyo","93","속상했어요","I was upset.","[{""en"":""I was upset — I'll be honest with you."",""ko"":""속상했어요, 솔직히 말할게요.""},{""en"":""I was a little upset, but I'm okay now."",""ko"":""조금 속상했는데 이제 괜찮아요.""},{""en"":""You were upset? I'm sorry — I didn't know."",""ko"":""속상했어요? 미안해요, 몰랐어요.""}]"
309,"1038","eogulhaesseoyo","93","억울했어요","It felt unfair.","[{""en"":""I felt wronged — thank you for understanding."",""ko"":""억울했어요, 이해해줘서 고마워요.""},{""en"":""I felt wronged, but I feel better after talking about it."",""ko"":""억울했는데 말하고 나니까 후련해요.""},{""en"":""That must have really felt unfair!"",""ko"":""그건 진짜 억울했겠어요!""}]"
310,"966","maeumeun-arayo","94","마음은 알아요","I understand how you feel.","[{""en"":""I understand your feelings, but it's still hard."",""ko"":""네 마음은 알아요, 그래도 힘들어요.""},{""en"":""I understand how you feel — don't worry."",""ko"":""마음은 알아요, 걱정하지 마요.""},{""en"":""I understand how you feel, but I'm still a little hurt."",""ko"":""마음은 알아요, 그래도 조금 서운해요.""}]"
311,"1042","banjeon-isseoyo","95","반전 있어요","This movie has a twist.","[{""en"":""This drama has a twist — it's shocking!"",""ko"":""이 드라마 반전 있어요, 충격이에요!""},{""en"":""There's a twist? Don't spoil it!"",""ko"":""반전 있어요? 스포하지 마요!""},{""en"":""There's a real twist — watch it to the end!"",""ko"":""진짜 반전 있어요, 끝까지 봐요!""}]"
312,"1043","yeouni-namayo","95","여운이 남아요","The feeling lingers.","[{""en"":""This drama leaves a lingering impression."",""ko"":""이 드라마 여운이 남아요.""},{""en"":""It leaves a lingering impression — I don't think I'll forget it for a while."",""ko"":""여운이 남아요, 한동안 못 잊을 것 같아요.""},{""en"":""It leaves a lingering impression? That's the sign of a good drama!"",""ko"":""여운이 남아요? 좋은 드라마 신호예요!""}]"
313,"1044","moribi-dwaeyo","95","몰입이 돼요","I get completely absorbed.","[{""en"":""This drama is totally immersive!"",""ko"":""이 드라마 완전 몰입이 돼요!""},{""en"":""I got so immersed that I watched it all night!"",""ko"":""몰입이 돼서 밤새 봤어요!""},{""en"":""It's a drama that really draws you in!"",""ko"":""진짜 몰입이 되는 드라마예요!""}]"
314,"974","pyohyeonhagi-eoryeowoyo","96","말로 표현하기 어려워요","It's hard to put into words.","[{""en"":""It's hard to express this feeling in words."",""ko"":""이 감정 말로 표현하기 어려워요.""},{""en"":""It's hard to express the concept of 정 in Korean in words."",""ko"":""한국의 정을 말로 표현하기 어려워요.""},{""en"":""It's hard to express this feeling in words — I just love it!"",""ko"":""이 느낌 말로 표현하기 어려워요, 그냥 좋아요!""}]"
315,"975","i-neukkim-arayo","96","이 느낌 알아요?","Do you know this feeling?","[{""en"":""Do you know this feeling? My heart is pounding!"",""ko"":""이 느낌 알아요? 뭔가 두근두근해요!""},{""en"":""Do you know this excited feeling?"",""ko"":""이 설레는 느낌 알아요?""},{""en"":""Do you know this feeling? I can't put it into words!"",""ko"":""이 느낌 알아요? 말로 표현이 안 돼요!""}]"
316,"976","waenji-moreuge-haeyo","96","왠지 모르게 ~해요","왠지 모르게 ~","[{""en"":""For some reason, I love Korea."",""ko"":""왠지 모르게 한국이 좋아요.""},{""en"":""For some reason, I'm in a good mood today!"",""ko"":""왠지 모르게 오늘 기분이 좋아요!""},{""en"":""For some reason, I love this song."",""ko"":""왠지 모르게 이 노래가 좋아요.""}]"
317,"1046","tteonagi-sileo","97","떠나기 싫어","I don't want to leave.","[{""en"":""I don't want to leave Korea — I love it so much!"",""ko"":""한국 떠나기 싫어, 너무 좋아!""},{""en"":""I don't want to leave — I love it here so much!"",""ko"":""떠나기 싫어, 여기가 너무 좋아!""},{""en"":""I still don't want to leave — I want to stay longer!"",""ko"":""아직 떠나기 싫어, 더 있고 싶어!""}]"
318,"1047","i-geuriul-geot-gata","97","~이 그리울 것 같아","I think I'll miss Korean ~","[{""en"":""I think I'll miss Jisu!"",""ko"":""지수가 그리울 것 같아!""},{""en"":""I think I'll miss Korean food!"",""ko"":""한국 음식이 그리울 것 같아!""},{""en"":""I think I'll miss the Han River — it's so beautiful!"",""ko"":""한강이 그리울 것 같아, 너무 예쁘잖아!""}]"
319,"1048","kkok-dasi-olge","97","꼭 다시 올게","I'll definitely come back.","[{""en"":""I'll definitely come back — I promise!"",""ko"":""꼭 다시 올게, 약속해!""},{""en"":""I'll definitely come back — wait for me!"",""ko"":""꼭 다시 올게, 기다려!""},{""en"":""I'll definitely come back to Korea!"",""ko"":""한국에 꼭 다시 올게!""}]"
320,"1049","hangugeoro-saenggakaeyo","98","이제 한국어로 생각해요","I think in Korean now.","[{""en"":""I think in Korean now!"",""ko"":""이제 한국어로 생각해요!""},{""en"":""I even dream in Korean now — I think in Korean!"",""ko"":""꿈도 한국어로 꿔요, 이제 한국어로 생각해요!""},{""en"":""You think in Korean now? That's amazing!"",""ko"":""이제 한국어로 생각해요? 대단해요!""}]"
321,"1050","beonyeok-an-haedo","98","번역 안 해도 이해돼요","I understand without translating.","[{""en"":""I understand without even translating!"",""ko"":""번역 안 해도 이해돼요!""},{""en"":""I understand without translating now — it's amazing!"",""ko"":""이제 번역 안 해도 이해돼요, 신기해요!""},{""en"":""You understand without translating? You've really improved!"",""ko"":""번역 안 해도 이해돼요? 완전 늘었네요!""}]"
322,"1051","sillyeogi-neureosseoyo","98","실력이 많이 늘었어요","My skills have improved a lot.","[{""en"":""My Korean skills have improved a lot!"",""ko"":""한국어 실력이 많이 늘었어요!""},{""en"":""My skills have improved a lot — I'm glad I didn't give up!"",""ko"":""실력이 많이 늘었어요, 포기 안 하길 잘했어요!""},{""en"":""Your skills have improved a lot? What's the secret?"",""ko"":""실력이 많이 늘었어요? 비결이 뭐예요?""}]"
323,"995","apeurodo-jal-butakaeyo","99","앞으로도 잘 부탁해요","Please keep looking out for me.","[{""en"":""Please continue to take care of me!"",""ko"":""앞으로도 잘 부탁해요!""},{""en"":""Let's continue to get along well!"",""ko"":""앞으로도 잘 지내요!""},{""en"":""Please continue to take care of me, my friend!"",""ko"":""앞으로도 잘 부탁해요, 친구야!""}]"
324,"1052","gachi-seongjanghan-geot","99","같이 성장한 것 같아요","I think we grew together.","[{""en"":""I feel like we've grown together!"",""ko"":""같이 성장한 것 같아요!""},{""en"":""I feel like we grew together while studying together."",""ko"":""같이 공부하면서 같이 성장한 것 같아요.""},{""en"":""I feel like we've grown together — thank you!"",""ko"":""같이 성장한 것 같아요, 고마워요!""}]"
325,"1053","deokbune-mani-baewosseo","99","덕분에 정말 많이 배웠어요","I learned so much thanks to you.","[{""en"":""I've learned so much thanks to you!"",""ko"":""덕분에 정말 많이 배웠어요!""},{""en"":""I've learned so much thanks to all of you!"",""ko"":""여러분 덕분에 정말 많이 배웠어요!""},{""en"":""I've learned so much thanks to you — thank you!"",""ko"":""덕분에 정말 많이 배웠어요, 감사해요!""}]"